date,Monthly Inflation Rate,Annual Inflation Rate
01/02/2024,0.4,3.2
02/02/2024,0.4,3.2
03/02/2024,0.4,3.2
04/02/2024,0.4,3.2
05/02/2024,0.4,3.2
06/02/2024,0.4,3.2
07/02/2024,0.4,3.2
08/02/2024,0.4,3.2
09/02/2024,0.4,3.2
10/02/2024,0.4,3.2
11/02/2024,0.4,3.2
12/02/2024,0.4,3.2
13/02/2024,0.4,3.2
14/02/2024,0.4,3.2
15/02/2024,0.4,3.2
16/02/2024,0.4,3.2
17/02/2024,0.4,3.2
18/02/2024,0.4,3.2
19/02/2024,0.4,3.2
20/02/2024,0.4,3.2
21/02/2024,0.4,3.2
22/02/2024,0.4,3.2
23/02/2024,0.4,3.2
24/02/2024,0.4,3.2
25/02/2024,0.4,3.2
26/02/2024,0.4,3.2
27/02/2024,0.4,3.2
28/02/2024,0.4,3.2
29/02/2024,0.4,3.2
01/01/2024,0.3,3.1
02/01/2024,0.3,3.1
03/01/2024,0.3,3.1
04/01/2024,0.3,3.1
05/01/2024,0.3,3.1
06/01/2024,0.3,3.1
07/01/2024,0.3,3.1
08/01/2024,0.3,3.1
09/01/2024,0.3,3.1
10/01/2024,0.3,3.1
11/01/2024,0.3,3.1
12/01/2024,0.3,3.1
13/01/2024,0.3,3.1
14/01/2024,0.3,3.1
15/01/2024,0.3,3.1
16/01/2024,0.3,3.1
17/01/2024,0.3,3.1
18/01/2024,0.3,3.1
19/01/2024,0.3,3.1
20/01/2024,0.3,3.1
21/01/2024,0.3,3.1
22/01/2024,0.3,3.1
23/01/2024,0.3,3.1
24/01/2024,0.3,3.1
25/01/2024,0.3,3.1
26/01/2024,0.3,3.1
27/01/2024,0.3,3.1
28/01/2024,0.3,3.1
29/01/2024,0.3,3.1
30/01/2024,0.3,3.1
31/01/2024,0.3,3.1
01/12/2023,0.2,3.4
02/12/2023,0.2,3.4
03/12/2023,0.2,3.4
04/12/2023,0.2,3.4
05/12/2023,0.2,3.4
06/12/2023,0.2,3.4
07/12/2023,0.2,3.4
08/12/2023,0.2,3.4
09/12/2023,0.2,3.4
10/12/2023,0.2,3.4
11/12/2023,0.2,3.4
12/12/2023,0.2,3.4
13/12/2023,0.2,3.4
14/12/2023,0.2,3.4
15/12/2023,0.2,3.4
16/12/2023,0.2,3.4
17/12/2023,0.2,3.4
18/12/2023,0.2,3.4
19/12/2023,0.2,3.4
20/12/2023,0.2,3.4
21/12/2023,0.2,3.4
22/12/2023,0.2,3.4
23/12/2023,0.2,3.4
24/12/2023,0.2,3.4
25/12/2023,0.2,3.4
26/12/2023,0.2,3.4
27/12/2023,0.2,3.4
28/12/2023,0.2,3.4
29/12/2023,0.2,3.4
30/12/2023,0.2,3.4
31/12/2023,0.2,3.4
01/11/2023,0.1,3.1
02/11/2023,0.1,3.1
03/11/2023,0.1,3.1
04/11/2023,0.1,3.1
05/11/2023,0.1,3.1
06/11/2023,0.1,3.1
07/11/2023,0.1,3.1
08/11/2023,0.1,3.1
09/11/2023,0.1,3.1
10/11/2023,0.1,3.1
11/11/2023,0.1,3.1
12/11/2023,0.1,3.1
13/11/2023,0.1,3.1
14/11/2023,0.1,3.1
15/11/2023,0.1,3.1
16/11/2023,0.1,3.1
17/11/2023,0.1,3.1
18/11/2023,0.1,3.1
19/11/2023,0.1,3.1
20/11/2023,0.1,3.1
21/11/2023,0.1,3.1
22/11/2023,0.1,3.1
23/11/2023,0.1,3.1
24/11/2023,0.1,3.1
25/11/2023,0.1,3.1
26/11/2023,0.1,3.1
27/11/2023,0.1,3.1
28/11/2023,0.1,3.1
29/11/2023,0.1,3.1
30/11/2023,0.1,3.1
01/10/2023,0,3.2
02/10/2023,0,3.2
03/10/2023,0,3.2
04/10/2023,0,3.2
05/10/2023,0,3.2
06/10/2023,0,3.2
07/10/2023,0,3.2
08/10/2023,0,3.2
09/10/2023,0,3.2
10/10/2023,0,3.2
11/10/2023,0,3.2
12/10/2023,0,3.2
13/10/2023,0,3.2
14/10/2023,0,3.2
15/10/2023,0,3.2
16/10/2023,0,3.2
17/10/2023,0,3.2
18/10/2023,0,3.2
19/10/2023,0,3.2
20/10/2023,0,3.2
21/10/2023,0,3.2
22/10/2023,0,3.2
23/10/2023,0,3.2
24/10/2023,0,3.2
25/10/2023,0,3.2
26/10/2023,0,3.2
27/10/2023,0,3.2
28/10/2023,0,3.2
29/10/2023,0,3.2
30/10/2023,0,3.2
31/10/2023,0,3.2
01/09/2023,0.4,3.7
02/09/2023,0.4,3.7
03/09/2023,0.4,3.7
04/09/2023,0.4,3.7
05/09/2023,0.4,3.7
06/09/2023,0.4,3.7
07/09/2023,0.4,3.7
08/09/2023,0.4,3.7
09/09/2023,0.4,3.7
10/09/2023,0.4,3.7
11/09/2023,0.4,3.7
12/09/2023,0.4,3.7
13/09/2023,0.4,3.7
14/09/2023,0.4,3.7
15/09/2023,0.4,3.7
16/09/2023,0.4,3.7
17/09/2023,0.4,3.7
18/09/2023,0.4,3.7
19/09/2023,0.4,3.7
20/09/2023,0.4,3.7
21/09/2023,0.4,3.7
22/09/2023,0.4,3.7
23/09/2023,0.4,3.7
24/09/2023,0.4,3.7
25/09/2023,0.4,3.7
26/09/2023,0.4,3.7
27/09/2023,0.4,3.7
28/09/2023,0.4,3.7
29/09/2023,0.4,3.7
30/09/2023,0.4,3.7
01/08/2023,0.6,3.7
02/08/2023,0.6,3.7
03/08/2023,0.6,3.7
04/08/2023,0.6,3.7
05/08/2023,0.6,3.7
06/08/2023,0.6,3.7
07/08/2023,0.6,3.7
08/08/2023,0.6,3.7
09/08/2023,0.6,3.7
10/08/2023,0.6,3.7
11/08/2023,0.6,3.7
12/08/2023,0.6,3.7
13/08/2023,0.6,3.7
14/08/2023,0.6,3.7
15/08/2023,0.6,3.7
16/08/2023,0.6,3.7
17/08/2023,0.6,3.7
18/08/2023,0.6,3.7
19/08/2023,0.6,3.7
20/08/2023,0.6,3.7
21/08/2023,0.6,3.7
22/08/2023,0.6,3.7
23/08/2023,0.6,3.7
24/08/2023,0.6,3.7
25/08/2023,0.6,3.7
26/08/2023,0.6,3.7
27/08/2023,0.6,3.7
28/08/2023,0.6,3.7
29/08/2023,0.6,3.7
30/08/2023,0.6,3.7
31/08/2023,0.6,3.7
01/07/2023,0.2,3.2
02/07/2023,0.2,3.2
03/07/2023,0.2,3.2
04/07/2023,0.2,3.2
05/07/2023,0.2,3.2
06/07/2023,0.2,3.2
07/07/2023,0.2,3.2
08/07/2023,0.2,3.2
09/07/2023,0.2,3.2
10/07/2023,0.2,3.2
11/07/2023,0.2,3.2
12/07/2023,0.2,3.2
13/07/2023,0.2,3.2
14/07/2023,0.2,3.2
15/07/2023,0.2,3.2
16/07/2023,0.2,3.2
17/07/2023,0.2,3.2
18/07/2023,0.2,3.2
19/07/2023,0.2,3.2
20/07/2023,0.2,3.2
21/07/2023,0.2,3.2
22/07/2023,0.2,3.2
23/07/2023,0.2,3.2
24/07/2023,0.2,3.2
25/07/2023,0.2,3.2
26/07/2023,0.2,3.2
27/07/2023,0.2,3.2
28/07/2023,0.2,3.2
29/07/2023,0.2,3.2
30/07/2023,0.2,3.2
31/07/2023,0.2,3.2
01/06/2023,0.2,3
02/06/2023,0.2,3
03/06/2023,0.2,3
04/06/2023,0.2,3
05/06/2023,0.2,3
06/06/2023,0.2,3
07/06/2023,0.2,3
08/06/2023,0.2,3
09/06/2023,0.2,3
10/06/2023,0.2,3
11/06/2023,0.2,3
12/06/2023,0.2,3
13/06/2023,0.2,3
14/06/2023,0.2,3
15/06/2023,0.2,3
16/06/2023,0.2,3
17/06/2023,0.2,3
18/06/2023,0.2,3
19/06/2023,0.2,3
20/06/2023,0.2,3
21/06/2023,0.2,3
22/06/2023,0.2,3
23/06/2023,0.2,3
24/06/2023,0.2,3
25/06/2023,0.2,3
26/06/2023,0.2,3
27/06/2023,0.2,3
28/06/2023,0.2,3
29/06/2023,0.2,3
30/06/2023,0.2,3
01/05/2023,0.1,4
02/05/2023,0.1,4
03/05/2023,0.1,4
04/05/2023,0.1,4
05/05/2023,0.1,4
06/05/2023,0.1,4
07/05/2023,0.1,4
08/05/2023,0.1,4
09/05/2023,0.1,4
10/05/2023,0.1,4
11/05/2023,0.1,4
12/05/2023,0.1,4
13/05/2023,0.1,4
14/05/2023,0.1,4
15/05/2023,0.1,4
16/05/2023,0.1,4
17/05/2023,0.1,4
18/05/2023,0.1,4
19/05/2023,0.1,4
20/05/2023,0.1,4
21/05/2023,0.1,4
22/05/2023,0.1,4
23/05/2023,0.1,4
24/05/2023,0.1,4
25/05/2023,0.1,4
26/05/2023,0.1,4
27/05/2023,0.1,4
28/05/2023,0.1,4
29/05/2023,0.1,4
30/05/2023,0.1,4
31/05/2023,0.1,4
01/04/2023,0.4,4.9
02/04/2023,0.4,4.9
03/04/2023,0.4,4.9
04/04/2023,0.4,4.9
05/04/2023,0.4,4.9
06/04/2023,0.4,4.9
07/04/2023,0.4,4.9
08/04/2023,0.4,4.9
09/04/2023,0.4,4.9
10/04/2023,0.4,4.9
11/04/2023,0.4,4.9
12/04/2023,0.4,4.9
13/04/2023,0.4,4.9
14/04/2023,0.4,4.9
15/04/2023,0.4,4.9
16/04/2023,0.4,4.9
17/04/2023,0.4,4.9
18/04/2023,0.4,4.9
19/04/2023,0.4,4.9
20/04/2023,0.4,4.9
21/04/2023,0.4,4.9
22/04/2023,0.4,4.9
23/04/2023,0.4,4.9
24/04/2023,0.4,4.9
25/04/2023,0.4,4.9
26/04/2023,0.4,4.9
27/04/2023,0.4,4.9
28/04/2023,0.4,4.9
29/04/2023,0.4,4.9
30/04/2023,0.4,4.9
01/03/2023,0.1,5
02/03/2023,0.1,5
03/03/2023,0.1,5
04/03/2023,0.1,5
05/03/2023,0.1,5
06/03/2023,0.1,5
07/03/2023,0.1,5
08/03/2023,0.1,5
09/03/2023,0.1,5
10/03/2023,0.1,5
11/03/2023,0.1,5
12/03/2023,0.1,5
13/03/2023,0.1,5
14/03/2023,0.1,5
15/03/2023,0.1,5
16/03/2023,0.1,5
17/03/2023,0.1,5
18/03/2023,0.1,5
19/03/2023,0.1,5
20/03/2023,0.1,5
21/03/2023,0.1,5
22/03/2023,0.1,5
23/03/2023,0.1,5
24/03/2023,0.1,5
25/03/2023,0.1,5
26/03/2023,0.1,5
27/03/2023,0.1,5
28/03/2023,0.1,5
29/03/2023,0.1,5
30/03/2023,0.1,5
31/03/2023,0.1,5
01/02/2023,0.4,6
02/02/2023,0.4,6
03/02/2023,0.4,6
04/02/2023,0.4,6
05/02/2023,0.4,6
06/02/2023,0.4,6
07/02/2023,0.4,6
08/02/2023,0.4,6
09/02/2023,0.4,6
10/02/2023,0.4,6
11/02/2023,0.4,6
12/02/2023,0.4,6
13/02/2023,0.4,6
14/02/2023,0.4,6
15/02/2023,0.4,6
16/02/2023,0.4,6
17/02/2023,0.4,6
18/02/2023,0.4,6
19/02/2023,0.4,6
20/02/2023,0.4,6
21/02/2023,0.4,6
22/02/2023,0.4,6
23/02/2023,0.4,6
24/02/2023,0.4,6
25/02/2023,0.4,6
26/02/2023,0.4,6
27/02/2023,0.4,6
28/02/2023,0.4,6
01/01/2023,0.5,6.4
02/01/2023,0.5,6.4
03/01/2023,0.5,6.4
04/01/2023,0.5,6.4
05/01/2023,0.5,6.4
06/01/2023,0.5,6.4
07/01/2023,0.5,6.4
08/01/2023,0.5,6.4
09/01/2023,0.5,6.4
10/01/2023,0.5,6.4
11/01/2023,0.5,6.4
12/01/2023,0.5,6.4
13/01/2023,0.5,6.4
14/01/2023,0.5,6.4
15/01/2023,0.5,6.4
16/01/2023,0.5,6.4
17/01/2023,0.5,6.4
18/01/2023,0.5,6.4
19/01/2023,0.5,6.4
20/01/2023,0.5,6.4
21/01/2023,0.5,6.4
22/01/2023,0.5,6.4
23/01/2023,0.5,6.4
24/01/2023,0.5,6.4
25/01/2023,0.5,6.4
26/01/2023,0.5,6.4
27/01/2023,0.5,6.4
28/01/2023,0.5,6.4
29/01/2023,0.5,6.4
30/01/2023,0.5,6.4
31/01/2023,0.5,6.4
01/12/2022,0.1,6.5
02/12/2022,0.1,6.5
03/12/2022,0.1,6.5
04/12/2022,0.1,6.5
05/12/2022,0.1,6.5
06/12/2022,0.1,6.5
07/12/2022,0.1,6.5
08/12/2022,0.1,6.5
09/12/2022,0.1,6.5
10/12/2022,0.1,6.5
11/12/2022,0.1,6.5
12/12/2022,0.1,6.5
13/12/2022,0.1,6.5
14/12/2022,0.1,6.5
15/12/2022,0.1,6.5
16/12/2022,0.1,6.5
17/12/2022,0.1,6.5
18/12/2022,0.1,6.5
19/12/2022,0.1,6.5
20/12/2022,0.1,6.5
21/12/2022,0.1,6.5
22/12/2022,0.1,6.5
23/12/2022,0.1,6.5
24/12/2022,0.1,6.5
25/12/2022,0.1,6.5
26/12/2022,0.1,6.5
27/12/2022,0.1,6.5
28/12/2022,0.1,6.5
29/12/2022,0.1,6.5
30/12/2022,0.1,6.5
31/12/2022,0.1,6.5
01/11/2022,0.2,7.1
02/11/2022,0.2,7.1
03/11/2022,0.2,7.1
04/11/2022,0.2,7.1
05/11/2022,0.2,7.1
06/11/2022,0.2,7.1
07/11/2022,0.2,7.1
08/11/2022,0.2,7.1
09/11/2022,0.2,7.1
10/11/2022,0.2,7.1
11/11/2022,0.2,7.1
12/11/2022,0.2,7.1
13/11/2022,0.2,7.1
14/11/2022,0.2,7.1
15/11/2022,0.2,7.1
16/11/2022,0.2,7.1
17/11/2022,0.2,7.1
18/11/2022,0.2,7.1
19/11/2022,0.2,7.1
20/11/2022,0.2,7.1
21/11/2022,0.2,7.1
22/11/2022,0.2,7.1
23/11/2022,0.2,7.1
24/11/2022,0.2,7.1
25/11/2022,0.2,7.1
26/11/2022,0.2,7.1
27/11/2022,0.2,7.1
28/11/2022,0.2,7.1
29/11/2022,0.2,7.1
30/11/2022,0.2,7.1
01/10/2022,0.5,7.7
02/10/2022,0.5,7.7
03/10/2022,0.5,7.7
04/10/2022,0.5,7.7
05/10/2022,0.5,7.7
06/10/2022,0.5,7.7
07/10/2022,0.5,7.7
08/10/2022,0.5,7.7
09/10/2022,0.5,7.7
10/10/2022,0.5,7.7
11/10/2022,0.5,7.7
12/10/2022,0.5,7.7
13/10/2022,0.5,7.7
14/10/2022,0.5,7.7
15/10/2022,0.5,7.7
16/10/2022,0.5,7.7
17/10/2022,0.5,7.7
18/10/2022,0.5,7.7
19/10/2022,0.5,7.7
20/10/2022,0.5,7.7
21/10/2022,0.5,7.7
22/10/2022,0.5,7.7
23/10/2022,0.5,7.7
24/10/2022,0.5,7.7
25/10/2022,0.5,7.7
26/10/2022,0.5,7.7
27/10/2022,0.5,7.7
28/10/2022,0.5,7.7
29/10/2022,0.5,7.7
30/10/2022,0.5,7.7
31/10/2022,0.5,7.7
01/09/2022,0.4,8.2
02/09/2022,0.4,8.2
03/09/2022,0.4,8.2
04/09/2022,0.4,8.2
05/09/2022,0.4,8.2
06/09/2022,0.4,8.2
07/09/2022,0.4,8.2
08/09/2022,0.4,8.2
09/09/2022,0.4,8.2
10/09/2022,0.4,8.2
11/09/2022,0.4,8.2
12/09/2022,0.4,8.2
13/09/2022,0.4,8.2
14/09/2022,0.4,8.2
15/09/2022,0.4,8.2
16/09/2022,0.4,8.2
17/09/2022,0.4,8.2
18/09/2022,0.4,8.2
19/09/2022,0.4,8.2
20/09/2022,0.4,8.2
21/09/2022,0.4,8.2
22/09/2022,0.4,8.2
23/09/2022,0.4,8.2
24/09/2022,0.4,8.2
25/09/2022,0.4,8.2
26/09/2022,0.4,8.2
27/09/2022,0.4,8.2
28/09/2022,0.4,8.2
29/09/2022,0.4,8.2
30/09/2022,0.4,8.2
01/08/2022,0.2,8.3
02/08/2022,0.2,8.3
03/08/2022,0.2,8.3
04/08/2022,0.2,8.3
05/08/2022,0.2,8.3
06/08/2022,0.2,8.3
07/08/2022,0.2,8.3
08/08/2022,0.2,8.3
09/08/2022,0.2,8.3
10/08/2022,0.2,8.3
11/08/2022,0.2,8.3
12/08/2022,0.2,8.3
13/08/2022,0.2,8.3
14/08/2022,0.2,8.3
15/08/2022,0.2,8.3
16/08/2022,0.2,8.3
17/08/2022,0.2,8.3
18/08/2022,0.2,8.3
19/08/2022,0.2,8.3
20/08/2022,0.2,8.3
21/08/2022,0.2,8.3
22/08/2022,0.2,8.3
23/08/2022,0.2,8.3
24/08/2022,0.2,8.3
25/08/2022,0.2,8.3
26/08/2022,0.2,8.3
27/08/2022,0.2,8.3
28/08/2022,0.2,8.3
29/08/2022,0.2,8.3
30/08/2022,0.2,8.3
31/08/2022,0.2,8.3
01/07/2022,0,8.5
02/07/2022,0,8.5
03/07/2022,0,8.5
04/07/2022,0,8.5
05/07/2022,0,8.5
06/07/2022,0,8.5
07/07/2022,0,8.5
08/07/2022,0,8.5
09/07/2022,0,8.5
10/07/2022,0,8.5
11/07/2022,0,8.5
12/07/2022,0,8.5
13/07/2022,0,8.5
14/07/2022,0,8.5
15/07/2022,0,8.5
16/07/2022,0,8.5
17/07/2022,0,8.5
18/07/2022,0,8.5
19/07/2022,0,8.5
20/07/2022,0,8.5
21/07/2022,0,8.5
22/07/2022,0,8.5
23/07/2022,0,8.5
24/07/2022,0,8.5
25/07/2022,0,8.5
26/07/2022,0,8.5
27/07/2022,0,8.5
28/07/2022,0,8.5
29/07/2022,0,8.5
30/07/2022,0,8.5
31/07/2022,0,8.5
01/06/2022,1.2,9.1
02/06/2022,1.2,9.1
03/06/2022,1.2,9.1
04/06/2022,1.2,9.1
05/06/2022,1.2,9.1
06/06/2022,1.2,9.1
07/06/2022,1.2,9.1
08/06/2022,1.2,9.1
09/06/2022,1.2,9.1
10/06/2022,1.2,9.1
11/06/2022,1.2,9.1
12/06/2022,1.2,9.1
13/06/2022,1.2,9.1
14/06/2022,1.2,9.1
15/06/2022,1.2,9.1
16/06/2022,1.2,9.1
17/06/2022,1.2,9.1
18/06/2022,1.2,9.1
19/06/2022,1.2,9.1
20/06/2022,1.2,9.1
21/06/2022,1.2,9.1
22/06/2022,1.2,9.1
23/06/2022,1.2,9.1
24/06/2022,1.2,9.1
25/06/2022,1.2,9.1
26/06/2022,1.2,9.1
27/06/2022,1.2,9.1
28/06/2022,1.2,9.1
29/06/2022,1.2,9.1
30/06/2022,1.2,9.1
01/05/2022,0.9,8.6
02/05/2022,0.9,8.6
03/05/2022,0.9,8.6
04/05/2022,0.9,8.6
05/05/2022,0.9,8.6
06/05/2022,0.9,8.6
07/05/2022,0.9,8.6
08/05/2022,0.9,8.6
09/05/2022,0.9,8.6
10/05/2022,0.9,8.6
11/05/2022,0.9,8.6
12/05/2022,0.9,8.6
13/05/2022,0.9,8.6
14/05/2022,0.9,8.6
15/05/2022,0.9,8.6
16/05/2022,0.9,8.6
17/05/2022,0.9,8.6
18/05/2022,0.9,8.6
19/05/2022,0.9,8.6
20/05/2022,0.9,8.6
21/05/2022,0.9,8.6
22/05/2022,0.9,8.6
23/05/2022,0.9,8.6
24/05/2022,0.9,8.6
25/05/2022,0.9,8.6
26/05/2022,0.9,8.6
27/05/2022,0.9,8.6
28/05/2022,0.9,8.6
29/05/2022,0.9,8.6
30/05/2022,0.9,8.6
31/05/2022,0.9,8.6
01/04/2022,0.4,8.3
02/04/2022,0.4,8.3
03/04/2022,0.4,8.3
04/04/2022,0.4,8.3
05/04/2022,0.4,8.3
06/04/2022,0.4,8.3
07/04/2022,0.4,8.3
08/04/2022,0.4,8.3
09/04/2022,0.4,8.3
10/04/2022,0.4,8.3
11/04/2022,0.4,8.3
12/04/2022,0.4,8.3
13/04/2022,0.4,8.3
14/04/2022,0.4,8.3
15/04/2022,0.4,8.3
16/04/2022,0.4,8.3
17/04/2022,0.4,8.3
18/04/2022,0.4,8.3
19/04/2022,0.4,8.3
20/04/2022,0.4,8.3
21/04/2022,0.4,8.3
22/04/2022,0.4,8.3
23/04/2022,0.4,8.3
24/04/2022,0.4,8.3
25/04/2022,0.4,8.3
26/04/2022,0.4,8.3
27/04/2022,0.4,8.3
28/04/2022,0.4,8.3
29/04/2022,0.4,8.3
30/04/2022,0.4,8.3
01/03/2022,1,8.5
02/03/2022,1,8.5
03/03/2022,1,8.5
04/03/2022,1,8.5
05/03/2022,1,8.5
06/03/2022,1,8.5
07/03/2022,1,8.5
08/03/2022,1,8.5
09/03/2022,1,8.5
10/03/2022,1,8.5
11/03/2022,1,8.5
12/03/2022,1,8.5
13/03/2022,1,8.5
14/03/2022,1,8.5
15/03/2022,1,8.5
16/03/2022,1,8.5
17/03/2022,1,8.5
18/03/2022,1,8.5
19/03/2022,1,8.5
20/03/2022,1,8.5
21/03/2022,1,8.5
22/03/2022,1,8.5
23/03/2022,1,8.5
24/03/2022,1,8.5
25/03/2022,1,8.5
26/03/2022,1,8.5
27/03/2022,1,8.5
28/03/2022,1,8.5
29/03/2022,1,8.5
30/03/2022,1,8.5
31/03/2022,1,8.5
01/02/2022,0.7,7.9
02/02/2022,0.7,7.9
03/02/2022,0.7,7.9
04/02/2022,0.7,7.9
05/02/2022,0.7,7.9
06/02/2022,0.7,7.9
07/02/2022,0.7,7.9
08/02/2022,0.7,7.9
09/02/2022,0.7,7.9
10/02/2022,0.7,7.9
11/02/2022,0.7,7.9
12/02/2022,0.7,7.9
13/02/2022,0.7,7.9
14/02/2022,0.7,7.9
15/02/2022,0.7,7.9
16/02/2022,0.7,7.9
17/02/2022,0.7,7.9
18/02/2022,0.7,7.9
19/02/2022,0.7,7.9
20/02/2022,0.7,7.9
21/02/2022,0.7,7.9
22/02/2022,0.7,7.9
23/02/2022,0.7,7.9
24/02/2022,0.7,7.9
25/02/2022,0.7,7.9
26/02/2022,0.7,7.9
27/02/2022,0.7,7.9
28/02/2022,0.7,7.9
01/01/2022,0.6,7.5
02/01/2022,0.6,7.5
03/01/2022,0.6,7.5
04/01/2022,0.6,7.5
05/01/2022,0.6,7.5
06/01/2022,0.6,7.5
07/01/2022,0.6,7.5
08/01/2022,0.6,7.5
09/01/2022,0.6,7.5
10/01/2022,0.6,7.5
11/01/2022,0.6,7.5
12/01/2022,0.6,7.5
13/01/2022,0.6,7.5
14/01/2022,0.6,7.5
15/01/2022,0.6,7.5
16/01/2022,0.6,7.5
17/01/2022,0.6,7.5
18/01/2022,0.6,7.5
19/01/2022,0.6,7.5
20/01/2022,0.6,7.5
21/01/2022,0.6,7.5
22/01/2022,0.6,7.5
23/01/2022,0.6,7.5
24/01/2022,0.6,7.5
25/01/2022,0.6,7.5
26/01/2022,0.6,7.5
27/01/2022,0.6,7.5
28/01/2022,0.6,7.5
29/01/2022,0.6,7.5
30/01/2022,0.6,7.5
31/01/2022,0.6,7.5
01/12/2021,0.8,7
02/12/2021,0.8,7
03/12/2021,0.8,7
04/12/2021,0.8,7
05/12/2021,0.8,7
06/12/2021,0.8,7
07/12/2021,0.8,7
08/12/2021,0.8,7
09/12/2021,0.8,7
10/12/2021,0.8,7
11/12/2021,0.8,7
12/12/2021,0.8,7
13/12/2021,0.8,7
14/12/2021,0.8,7
15/12/2021,0.8,7
16/12/2021,0.8,7
17/12/2021,0.8,7
18/12/2021,0.8,7
19/12/2021,0.8,7
20/12/2021,0.8,7
21/12/2021,0.8,7
22/12/2021,0.8,7
23/12/2021,0.8,7
24/12/2021,0.8,7
25/12/2021,0.8,7
26/12/2021,0.8,7
27/12/2021,0.8,7
28/12/2021,0.8,7
29/12/2021,0.8,7
30/12/2021,0.8,7
31/12/2021,0.8,7
01/11/2021,0.8,6.8
02/11/2021,0.8,6.8
03/11/2021,0.8,6.8
04/11/2021,0.8,6.8
05/11/2021,0.8,6.8
06/11/2021,0.8,6.8
07/11/2021,0.8,6.8
08/11/2021,0.8,6.8
09/11/2021,0.8,6.8
10/11/2021,0.8,6.8
11/11/2021,0.8,6.8
12/11/2021,0.8,6.8
13/11/2021,0.8,6.8
14/11/2021,0.8,6.8
15/11/2021,0.8,6.8
16/11/2021,0.8,6.8
17/11/2021,0.8,6.8
18/11/2021,0.8,6.8
19/11/2021,0.8,6.8
20/11/2021,0.8,6.8
21/11/2021,0.8,6.8
22/11/2021,0.8,6.8
23/11/2021,0.8,6.8
24/11/2021,0.8,6.8
25/11/2021,0.8,6.8
26/11/2021,0.8,6.8
27/11/2021,0.8,6.8
28/11/2021,0.8,6.8
29/11/2021,0.8,6.8
30/11/2021,0.8,6.8
01/10/2021,0.9,6.2
02/10/2021,0.9,6.2
03/10/2021,0.9,6.2
04/10/2021,0.9,6.2
05/10/2021,0.9,6.2
06/10/2021,0.9,6.2
07/10/2021,0.9,6.2
08/10/2021,0.9,6.2
09/10/2021,0.9,6.2
10/10/2021,0.9,6.2
11/10/2021,0.9,6.2
12/10/2021,0.9,6.2
13/10/2021,0.9,6.2
14/10/2021,0.9,6.2
15/10/2021,0.9,6.2
16/10/2021,0.9,6.2
17/10/2021,0.9,6.2
18/10/2021,0.9,6.2
19/10/2021,0.9,6.2
20/10/2021,0.9,6.2
21/10/2021,0.9,6.2
22/10/2021,0.9,6.2
23/10/2021,0.9,6.2
24/10/2021,0.9,6.2
25/10/2021,0.9,6.2
26/10/2021,0.9,6.2
27/10/2021,0.9,6.2
28/10/2021,0.9,6.2
29/10/2021,0.9,6.2
30/10/2021,0.9,6.2
31/10/2021,0.9,6.2
01/09/2021,0.4,5.4
02/09/2021,0.4,5.4
03/09/2021,0.4,5.4
04/09/2021,0.4,5.4
05/09/2021,0.4,5.4
06/09/2021,0.4,5.4
07/09/2021,0.4,5.4
08/09/2021,0.4,5.4
09/09/2021,0.4,5.4
10/09/2021,0.4,5.4
11/09/2021,0.4,5.4
12/09/2021,0.4,5.4
13/09/2021,0.4,5.4
14/09/2021,0.4,5.4
15/09/2021,0.4,5.4
16/09/2021,0.4,5.4
17/09/2021,0.4,5.4
18/09/2021,0.4,5.4
19/09/2021,0.4,5.4
20/09/2021,0.4,5.4
21/09/2021,0.4,5.4
22/09/2021,0.4,5.4
23/09/2021,0.4,5.4
24/09/2021,0.4,5.4
25/09/2021,0.4,5.4
26/09/2021,0.4,5.4
27/09/2021,0.4,5.4
28/09/2021,0.4,5.4
29/09/2021,0.4,5.4
30/09/2021,0.4,5.4
01/08/2021,0.4,5.3
02/08/2021,0.4,5.3
03/08/2021,0.4,5.3
04/08/2021,0.4,5.3
05/08/2021,0.4,5.3
06/08/2021,0.4,5.3
07/08/2021,0.4,5.3
08/08/2021,0.4,5.3
09/08/2021,0.4,5.3
10/08/2021,0.4,5.3
11/08/2021,0.4,5.3
12/08/2021,0.4,5.3
13/08/2021,0.4,5.3
14/08/2021,0.4,5.3
15/08/2021,0.4,5.3
16/08/2021,0.4,5.3
17/08/2021,0.4,5.3
18/08/2021,0.4,5.3
19/08/2021,0.4,5.3
20/08/2021,0.4,5.3
21/08/2021,0.4,5.3
22/08/2021,0.4,5.3
23/08/2021,0.4,5.3
24/08/2021,0.4,5.3
25/08/2021,0.4,5.3
26/08/2021,0.4,5.3
27/08/2021,0.4,5.3
28/08/2021,0.4,5.3
29/08/2021,0.4,5.3
30/08/2021,0.4,5.3
31/08/2021,0.4,5.3
01/07/2021,0.4,5.4
02/07/2021,0.4,5.4
03/07/2021,0.4,5.4
04/07/2021,0.4,5.4
05/07/2021,0.4,5.4
06/07/2021,0.4,5.4
07/07/2021,0.4,5.4
08/07/2021,0.4,5.4
09/07/2021,0.4,5.4
10/07/2021,0.4,5.4
11/07/2021,0.4,5.4
12/07/2021,0.4,5.4
13/07/2021,0.4,5.4
14/07/2021,0.4,5.4
15/07/2021,0.4,5.4
16/07/2021,0.4,5.4
17/07/2021,0.4,5.4
18/07/2021,0.4,5.4
19/07/2021,0.4,5.4
20/07/2021,0.4,5.4
21/07/2021,0.4,5.4
22/07/2021,0.4,5.4
23/07/2021,0.4,5.4
24/07/2021,0.4,5.4
25/07/2021,0.4,5.4
26/07/2021,0.4,5.4
27/07/2021,0.4,5.4
28/07/2021,0.4,5.4
29/07/2021,0.4,5.4
30/07/2021,0.4,5.4
31/07/2021,0.4,5.4
01/06/2021,0.8,5.4
02/06/2021,0.8,5.4
03/06/2021,0.8,5.4
04/06/2021,0.8,5.4
05/06/2021,0.8,5.4
06/06/2021,0.8,5.4
07/06/2021,0.8,5.4
08/06/2021,0.8,5.4
09/06/2021,0.8,5.4
10/06/2021,0.8,5.4
11/06/2021,0.8,5.4
12/06/2021,0.8,5.4
13/06/2021,0.8,5.4
14/06/2021,0.8,5.4
15/06/2021,0.8,5.4
16/06/2021,0.8,5.4
17/06/2021,0.8,5.4
18/06/2021,0.8,5.4
19/06/2021,0.8,5.4
20/06/2021,0.8,5.4
21/06/2021,0.8,5.4
22/06/2021,0.8,5.4
23/06/2021,0.8,5.4
24/06/2021,0.8,5.4
25/06/2021,0.8,5.4
26/06/2021,0.8,5.4
27/06/2021,0.8,5.4
28/06/2021,0.8,5.4
29/06/2021,0.8,5.4
30/06/2021,0.8,5.4
01/05/2021,0.7,5
02/05/2021,0.7,5
03/05/2021,0.7,5
04/05/2021,0.7,5
05/05/2021,0.7,5
06/05/2021,0.7,5
07/05/2021,0.7,5
08/05/2021,0.7,5
09/05/2021,0.7,5
10/05/2021,0.7,5
11/05/2021,0.7,5
12/05/2021,0.7,5
13/05/2021,0.7,5
14/05/2021,0.7,5
15/05/2021,0.7,5
16/05/2021,0.7,5
17/05/2021,0.7,5
18/05/2021,0.7,5
19/05/2021,0.7,5
20/05/2021,0.7,5
21/05/2021,0.7,5
22/05/2021,0.7,5
23/05/2021,0.7,5
24/05/2021,0.7,5
25/05/2021,0.7,5
26/05/2021,0.7,5
27/05/2021,0.7,5
28/05/2021,0.7,5
29/05/2021,0.7,5
30/05/2021,0.7,5
31/05/2021,0.7,5
01/04/2021,0.7,4.2
02/04/2021,0.7,4.2
03/04/2021,0.7,4.2
04/04/2021,0.7,4.2
05/04/2021,0.7,4.2
06/04/2021,0.7,4.2
07/04/2021,0.7,4.2
08/04/2021,0.7,4.2
09/04/2021,0.7,4.2
10/04/2021,0.7,4.2
11/04/2021,0.7,4.2
12/04/2021,0.7,4.2
13/04/2021,0.7,4.2
14/04/2021,0.7,4.2
15/04/2021,0.7,4.2
16/04/2021,0.7,4.2
17/04/2021,0.7,4.2
18/04/2021,0.7,4.2
19/04/2021,0.7,4.2
20/04/2021,0.7,4.2
21/04/2021,0.7,4.2
22/04/2021,0.7,4.2
23/04/2021,0.7,4.2
24/04/2021,0.7,4.2
25/04/2021,0.7,4.2
26/04/2021,0.7,4.2
27/04/2021,0.7,4.2
28/04/2021,0.7,4.2
29/04/2021,0.7,4.2
30/04/2021,0.7,4.2
01/03/2021,0.5,2.6
02/03/2021,0.5,2.6
03/03/2021,0.5,2.6
04/03/2021,0.5,2.6
05/03/2021,0.5,2.6
06/03/2021,0.5,2.6
07/03/2021,0.5,2.6
08/03/2021,0.5,2.6
09/03/2021,0.5,2.6
10/03/2021,0.5,2.6
11/03/2021,0.5,2.6
12/03/2021,0.5,2.6
13/03/2021,0.5,2.6
14/03/2021,0.5,2.6
15/03/2021,0.5,2.6
16/03/2021,0.5,2.6
17/03/2021,0.5,2.6
18/03/2021,0.5,2.6
19/03/2021,0.5,2.6
20/03/2021,0.5,2.6
21/03/2021,0.5,2.6
22/03/2021,0.5,2.6
23/03/2021,0.5,2.6
24/03/2021,0.5,2.6
25/03/2021,0.5,2.6
26/03/2021,0.5,2.6
27/03/2021,0.5,2.6
28/03/2021,0.5,2.6
29/03/2021,0.5,2.6
30/03/2021,0.5,2.6
31/03/2021,0.5,2.6
01/02/2021,0.4,1.7
02/02/2021,0.4,1.7
03/02/2021,0.4,1.7
04/02/2021,0.4,1.7
05/02/2021,0.4,1.7
06/02/2021,0.4,1.7
07/02/2021,0.4,1.7
08/02/2021,0.4,1.7
09/02/2021,0.4,1.7
10/02/2021,0.4,1.7
11/02/2021,0.4,1.7
12/02/2021,0.4,1.7
13/02/2021,0.4,1.7
14/02/2021,0.4,1.7
15/02/2021,0.4,1.7
16/02/2021,0.4,1.7
17/02/2021,0.4,1.7
18/02/2021,0.4,1.7
19/02/2021,0.4,1.7
20/02/2021,0.4,1.7
21/02/2021,0.4,1.7
22/02/2021,0.4,1.7
23/02/2021,0.4,1.7
24/02/2021,0.4,1.7
25/02/2021,0.4,1.7
26/02/2021,0.4,1.7
27/02/2021,0.4,1.7
28/02/2021,0.4,1.7
01/01/2021,0.2,1.4
02/01/2021,0.2,1.4
03/01/2021,0.2,1.4
04/01/2021,0.2,1.4
05/01/2021,0.2,1.4
06/01/2021,0.2,1.4
07/01/2021,0.2,1.4
08/01/2021,0.2,1.4
09/01/2021,0.2,1.4
10/01/2021,0.2,1.4
11/01/2021,0.2,1.4
12/01/2021,0.2,1.4
13/01/2021,0.2,1.4
14/01/2021,0.2,1.4
15/01/2021,0.2,1.4
16/01/2021,0.2,1.4
17/01/2021,0.2,1.4
18/01/2021,0.2,1.4
19/01/2021,0.2,1.4
20/01/2021,0.2,1.4
21/01/2021,0.2,1.4
22/01/2021,0.2,1.4
23/01/2021,0.2,1.4
24/01/2021,0.2,1.4
25/01/2021,0.2,1.4
26/01/2021,0.2,1.4
27/01/2021,0.2,1.4
28/01/2021,0.2,1.4
29/01/2021,0.2,1.4
30/01/2021,0.2,1.4
31/01/2021,0.2,1.4
01/12/2020,0.5,1.4
02/12/2020,0.5,1.4
03/12/2020,0.5,1.4
04/12/2020,0.5,1.4
05/12/2020,0.5,1.4
06/12/2020,0.5,1.4
07/12/2020,0.5,1.4
08/12/2020,0.5,1.4
09/12/2020,0.5,1.4
10/12/2020,0.5,1.4
11/12/2020,0.5,1.4
12/12/2020,0.5,1.4
13/12/2020,0.5,1.4
14/12/2020,0.5,1.4
15/12/2020,0.5,1.4
16/12/2020,0.5,1.4
17/12/2020,0.5,1.4
18/12/2020,0.5,1.4
19/12/2020,0.5,1.4
20/12/2020,0.5,1.4
21/12/2020,0.5,1.4
22/12/2020,0.5,1.4
23/12/2020,0.5,1.4
24/12/2020,0.5,1.4
25/12/2020,0.5,1.4
26/12/2020,0.5,1.4
27/12/2020,0.5,1.4
28/12/2020,0.5,1.4
29/12/2020,0.5,1.4
30/12/2020,0.5,1.4
31/12/2020,0.5,1.4
01/11/2020,0.2,1.2
02/11/2020,0.2,1.2
03/11/2020,0.2,1.2
04/11/2020,0.2,1.2
05/11/2020,0.2,1.2
06/11/2020,0.2,1.2
07/11/2020,0.2,1.2
08/11/2020,0.2,1.2
09/11/2020,0.2,1.2
10/11/2020,0.2,1.2
11/11/2020,0.2,1.2
12/11/2020,0.2,1.2
13/11/2020,0.2,1.2
14/11/2020,0.2,1.2
15/11/2020,0.2,1.2
16/11/2020,0.2,1.2
17/11/2020,0.2,1.2
18/11/2020,0.2,1.2
19/11/2020,0.2,1.2
20/11/2020,0.2,1.2
21/11/2020,0.2,1.2
22/11/2020,0.2,1.2
23/11/2020,0.2,1.2
24/11/2020,0.2,1.2
25/11/2020,0.2,1.2
26/11/2020,0.2,1.2
27/11/2020,0.2,1.2
28/11/2020,0.2,1.2
29/11/2020,0.2,1.2
30/11/2020,0.2,1.2
01/10/2020,0.1,1.2
02/10/2020,0.1,1.2
03/10/2020,0.1,1.2
04/10/2020,0.1,1.2
05/10/2020,0.1,1.2
06/10/2020,0.1,1.2
07/10/2020,0.1,1.2
08/10/2020,0.1,1.2
09/10/2020,0.1,1.2
10/10/2020,0.1,1.2
11/10/2020,0.1,1.2
12/10/2020,0.1,1.2
13/10/2020,0.1,1.2
14/10/2020,0.1,1.2
15/10/2020,0.1,1.2
16/10/2020,0.1,1.2
17/10/2020,0.1,1.2
18/10/2020,0.1,1.2
19/10/2020,0.1,1.2
20/10/2020,0.1,1.2
21/10/2020,0.1,1.2
22/10/2020,0.1,1.2
23/10/2020,0.1,1.2
24/10/2020,0.1,1.2
25/10/2020,0.1,1.2
26/10/2020,0.1,1.2
27/10/2020,0.1,1.2
28/10/2020,0.1,1.2
29/10/2020,0.1,1.2
30/10/2020,0.1,1.2
31/10/2020,0.1,1.2
01/09/2020,0.2,1.4
02/09/2020,0.2,1.4
03/09/2020,0.2,1.4
04/09/2020,0.2,1.4
05/09/2020,0.2,1.4
06/09/2020,0.2,1.4
07/09/2020,0.2,1.4
08/09/2020,0.2,1.4
09/09/2020,0.2,1.4
10/09/2020,0.2,1.4
11/09/2020,0.2,1.4
12/09/2020,0.2,1.4
13/09/2020,0.2,1.4
14/09/2020,0.2,1.4
15/09/2020,0.2,1.4
16/09/2020,0.2,1.4
17/09/2020,0.2,1.4
18/09/2020,0.2,1.4
19/09/2020,0.2,1.4
20/09/2020,0.2,1.4
21/09/2020,0.2,1.4
22/09/2020,0.2,1.4
23/09/2020,0.2,1.4
24/09/2020,0.2,1.4
25/09/2020,0.2,1.4
26/09/2020,0.2,1.4
27/09/2020,0.2,1.4
28/09/2020,0.2,1.4
29/09/2020,0.2,1.4
30/09/2020,0.2,1.4
01/08/2020,0.4,1.3
02/08/2020,0.4,1.3
03/08/2020,0.4,1.3
04/08/2020,0.4,1.3
05/08/2020,0.4,1.3
06/08/2020,0.4,1.3
07/08/2020,0.4,1.3
08/08/2020,0.4,1.3
09/08/2020,0.4,1.3
10/08/2020,0.4,1.3
11/08/2020,0.4,1.3
12/08/2020,0.4,1.3
13/08/2020,0.4,1.3
14/08/2020,0.4,1.3
15/08/2020,0.4,1.3
16/08/2020,0.4,1.3
17/08/2020,0.4,1.3
18/08/2020,0.4,1.3
19/08/2020,0.4,1.3
20/08/2020,0.4,1.3
21/08/2020,0.4,1.3
22/08/2020,0.4,1.3
23/08/2020,0.4,1.3
24/08/2020,0.4,1.3
25/08/2020,0.4,1.3
26/08/2020,0.4,1.3
27/08/2020,0.4,1.3
28/08/2020,0.4,1.3
29/08/2020,0.4,1.3
30/08/2020,0.4,1.3
31/08/2020,0.4,1.3
01/07/2020,0.5,1
02/07/2020,0.5,1
03/07/2020,0.5,1
04/07/2020,0.5,1
05/07/2020,0.5,1
06/07/2020,0.5,1
07/07/2020,0.5,1
08/07/2020,0.5,1
09/07/2020,0.5,1
10/07/2020,0.5,1
11/07/2020,0.5,1
12/07/2020,0.5,1
13/07/2020,0.5,1
14/07/2020,0.5,1
15/07/2020,0.5,1
16/07/2020,0.5,1
17/07/2020,0.5,1
18/07/2020,0.5,1
19/07/2020,0.5,1
20/07/2020,0.5,1
21/07/2020,0.5,1
22/07/2020,0.5,1
23/07/2020,0.5,1
24/07/2020,0.5,1
25/07/2020,0.5,1
26/07/2020,0.5,1
27/07/2020,0.5,1
28/07/2020,0.5,1
29/07/2020,0.5,1
30/07/2020,0.5,1
31/07/2020,0.5,1
01/06/2020,0.4,0.6
02/06/2020,0.4,0.6
03/06/2020,0.4,0.6
04/06/2020,0.4,0.6
05/06/2020,0.4,0.6
06/06/2020,0.4,0.6
07/06/2020,0.4,0.6
08/06/2020,0.4,0.6
09/06/2020,0.4,0.6
10/06/2020,0.4,0.6
11/06/2020,0.4,0.6
12/06/2020,0.4,0.6
13/06/2020,0.4,0.6
14/06/2020,0.4,0.6
15/06/2020,0.4,0.6
16/06/2020,0.4,0.6
17/06/2020,0.4,0.6
18/06/2020,0.4,0.6
19/06/2020,0.4,0.6
20/06/2020,0.4,0.6
21/06/2020,0.4,0.6
22/06/2020,0.4,0.6
23/06/2020,0.4,0.6
24/06/2020,0.4,0.6
25/06/2020,0.4,0.6
26/06/2020,0.4,0.6
27/06/2020,0.4,0.6
28/06/2020,0.4,0.6
29/06/2020,0.4,0.6
30/06/2020,0.4,0.6
01/05/2020,-0.1,0.1
02/05/2020,-0.1,0.1
03/05/2020,-0.1,0.1
04/05/2020,-0.1,0.1
05/05/2020,-0.1,0.1
06/05/2020,-0.1,0.1
07/05/2020,-0.1,0.1
08/05/2020,-0.1,0.1
09/05/2020,-0.1,0.1
10/05/2020,-0.1,0.1
11/05/2020,-0.1,0.1
12/05/2020,-0.1,0.1
13/05/2020,-0.1,0.1
14/05/2020,-0.1,0.1
15/05/2020,-0.1,0.1
16/05/2020,-0.1,0.1
17/05/2020,-0.1,0.1
18/05/2020,-0.1,0.1
19/05/2020,-0.1,0.1
20/05/2020,-0.1,0.1
21/05/2020,-0.1,0.1
22/05/2020,-0.1,0.1
23/05/2020,-0.1,0.1
24/05/2020,-0.1,0.1
25/05/2020,-0.1,0.1
26/05/2020,-0.1,0.1
27/05/2020,-0.1,0.1
28/05/2020,-0.1,0.1
29/05/2020,-0.1,0.1
30/05/2020,-0.1,0.1
31/05/2020,-0.1,0.1
01/04/2020,-0.8,0.3
02/04/2020,-0.8,0.3
03/04/2020,-0.8,0.3
04/04/2020,-0.8,0.3
05/04/2020,-0.8,0.3
06/04/2020,-0.8,0.3
07/04/2020,-0.8,0.3
08/04/2020,-0.8,0.3
09/04/2020,-0.8,0.3
10/04/2020,-0.8,0.3
11/04/2020,-0.8,0.3
12/04/2020,-0.8,0.3
13/04/2020,-0.8,0.3
14/04/2020,-0.8,0.3
15/04/2020,-0.8,0.3
16/04/2020,-0.8,0.3
17/04/2020,-0.8,0.3
18/04/2020,-0.8,0.3
19/04/2020,-0.8,0.3
20/04/2020,-0.8,0.3
21/04/2020,-0.8,0.3
22/04/2020,-0.8,0.3
23/04/2020,-0.8,0.3
24/04/2020,-0.8,0.3
25/04/2020,-0.8,0.3
26/04/2020,-0.8,0.3
27/04/2020,-0.8,0.3
28/04/2020,-0.8,0.3
29/04/2020,-0.8,0.3
30/04/2020,-0.8,0.3
01/03/2020,-0.4,1.5
02/03/2020,-0.4,1.5
03/03/2020,-0.4,1.5
04/03/2020,-0.4,1.5
05/03/2020,-0.4,1.5
06/03/2020,-0.4,1.5
07/03/2020,-0.4,1.5
08/03/2020,-0.4,1.5
09/03/2020,-0.4,1.5
10/03/2020,-0.4,1.5
11/03/2020,-0.4,1.5
12/03/2020,-0.4,1.5
13/03/2020,-0.4,1.5
14/03/2020,-0.4,1.5
15/03/2020,-0.4,1.5
16/03/2020,-0.4,1.5
17/03/2020,-0.4,1.5
18/03/2020,-0.4,1.5
19/03/2020,-0.4,1.5
20/03/2020,-0.4,1.5
21/03/2020,-0.4,1.5
22/03/2020,-0.4,1.5
23/03/2020,-0.4,1.5
24/03/2020,-0.4,1.5
25/03/2020,-0.4,1.5
26/03/2020,-0.4,1.5
27/03/2020,-0.4,1.5
28/03/2020,-0.4,1.5
29/03/2020,-0.4,1.5
30/03/2020,-0.4,1.5
31/03/2020,-0.4,1.5
01/02/2020,0.1,2.3
02/02/2020,0.1,2.3
03/02/2020,0.1,2.3
04/02/2020,0.1,2.3
05/02/2020,0.1,2.3
06/02/2020,0.1,2.3
07/02/2020,0.1,2.3
08/02/2020,0.1,2.3
09/02/2020,0.1,2.3
10/02/2020,0.1,2.3
11/02/2020,0.1,2.3
12/02/2020,0.1,2.3
13/02/2020,0.1,2.3
14/02/2020,0.1,2.3
15/02/2020,0.1,2.3
16/02/2020,0.1,2.3
17/02/2020,0.1,2.3
18/02/2020,0.1,2.3
19/02/2020,0.1,2.3
20/02/2020,0.1,2.3
21/02/2020,0.1,2.3
22/02/2020,0.1,2.3
23/02/2020,0.1,2.3
24/02/2020,0.1,2.3
25/02/2020,0.1,2.3
26/02/2020,0.1,2.3
27/02/2020,0.1,2.3
28/02/2020,0.1,2.3
29/02/2020,0.1,2.3
01/01/2020,0.2,2.5
02/01/2020,0.2,2.5
03/01/2020,0.2,2.5
04/01/2020,0.2,2.5
05/01/2020,0.2,2.5
06/01/2020,0.2,2.5
07/01/2020,0.2,2.5
08/01/2020,0.2,2.5
09/01/2020,0.2,2.5
10/01/2020,0.2,2.5
11/01/2020,0.2,2.5
12/01/2020,0.2,2.5
13/01/2020,0.2,2.5
14/01/2020,0.2,2.5
15/01/2020,0.2,2.5
16/01/2020,0.2,2.5
17/01/2020,0.2,2.5
18/01/2020,0.2,2.5
19/01/2020,0.2,2.5
20/01/2020,0.2,2.5
21/01/2020,0.2,2.5
22/01/2020,0.2,2.5
23/01/2020,0.2,2.5
24/01/2020,0.2,2.5
25/01/2020,0.2,2.5
26/01/2020,0.2,2.5
27/01/2020,0.2,2.5
28/01/2020,0.2,2.5
29/01/2020,0.2,2.5
30/01/2020,0.2,2.5
31/01/2020,0.2,2.5
01/12/2019,0.3,2.3
02/12/2019,0.3,2.3
03/12/2019,0.3,2.3
04/12/2019,0.3,2.3
05/12/2019,0.3,2.3
06/12/2019,0.3,2.3
07/12/2019,0.3,2.3
08/12/2019,0.3,2.3
09/12/2019,0.3,2.3
10/12/2019,0.3,2.3
11/12/2019,0.3,2.3
12/12/2019,0.3,2.3
13/12/2019,0.3,2.3
14/12/2019,0.3,2.3
15/12/2019,0.3,2.3
16/12/2019,0.3,2.3
17/12/2019,0.3,2.3
18/12/2019,0.3,2.3
19/12/2019,0.3,2.3
20/12/2019,0.3,2.3
21/12/2019,0.3,2.3
22/12/2019,0.3,2.3
23/12/2019,0.3,2.3
24/12/2019,0.3,2.3
25/12/2019,0.3,2.3
26/12/2019,0.3,2.3
27/12/2019,0.3,2.3
28/12/2019,0.3,2.3
29/12/2019,0.3,2.3
30/12/2019,0.3,2.3
31/12/2019,0.3,2.3
01/11/2019,0.2,2.1
02/11/2019,0.2,2.1
03/11/2019,0.2,2.1
04/11/2019,0.2,2.1
05/11/2019,0.2,2.1
06/11/2019,0.2,2.1
07/11/2019,0.2,2.1
08/11/2019,0.2,2.1
09/11/2019,0.2,2.1
10/11/2019,0.2,2.1
11/11/2019,0.2,2.1
12/11/2019,0.2,2.1
13/11/2019,0.2,2.1
14/11/2019,0.2,2.1
15/11/2019,0.2,2.1
16/11/2019,0.2,2.1
17/11/2019,0.2,2.1
18/11/2019,0.2,2.1
19/11/2019,0.2,2.1
20/11/2019,0.2,2.1
21/11/2019,0.2,2.1
22/11/2019,0.2,2.1
23/11/2019,0.2,2.1
24/11/2019,0.2,2.1
25/11/2019,0.2,2.1
26/11/2019,0.2,2.1
27/11/2019,0.2,2.1
28/11/2019,0.2,2.1
29/11/2019,0.2,2.1
30/11/2019,0.2,2.1
01/10/2019,0.3,1.8
02/10/2019,0.3,1.8
03/10/2019,0.3,1.8
04/10/2019,0.3,1.8
05/10/2019,0.3,1.8
06/10/2019,0.3,1.8
07/10/2019,0.3,1.8
08/10/2019,0.3,1.8
09/10/2019,0.3,1.8
10/10/2019,0.3,1.8
11/10/2019,0.3,1.8
12/10/2019,0.3,1.8
13/10/2019,0.3,1.8
14/10/2019,0.3,1.8
15/10/2019,0.3,1.8
16/10/2019,0.3,1.8
17/10/2019,0.3,1.8
18/10/2019,0.3,1.8
19/10/2019,0.3,1.8
20/10/2019,0.3,1.8
21/10/2019,0.3,1.8
22/10/2019,0.3,1.8
23/10/2019,0.3,1.8
24/10/2019,0.3,1.8
25/10/2019,0.3,1.8
26/10/2019,0.3,1.8
27/10/2019,0.3,1.8
28/10/2019,0.3,1.8
29/10/2019,0.3,1.8
30/10/2019,0.3,1.8
31/10/2019,0.3,1.8
01/09/2019,0.2,1.7
02/09/2019,0.2,1.7
03/09/2019,0.2,1.7
04/09/2019,0.2,1.7
05/09/2019,0.2,1.7
06/09/2019,0.2,1.7
07/09/2019,0.2,1.7
08/09/2019,0.2,1.7
09/09/2019,0.2,1.7
10/09/2019,0.2,1.7
11/09/2019,0.2,1.7
12/09/2019,0.2,1.7
13/09/2019,0.2,1.7
14/09/2019,0.2,1.7
15/09/2019,0.2,1.7
16/09/2019,0.2,1.7
17/09/2019,0.2,1.7
18/09/2019,0.2,1.7
19/09/2019,0.2,1.7
20/09/2019,0.2,1.7
21/09/2019,0.2,1.7
22/09/2019,0.2,1.7
23/09/2019,0.2,1.7
24/09/2019,0.2,1.7
25/09/2019,0.2,1.7
26/09/2019,0.2,1.7
27/09/2019,0.2,1.7
28/09/2019,0.2,1.7
29/09/2019,0.2,1.7
30/09/2019,0.2,1.7
01/08/2019,0.1,1.7
02/08/2019,0.1,1.7
03/08/2019,0.1,1.7
04/08/2019,0.1,1.7
05/08/2019,0.1,1.7
06/08/2019,0.1,1.7
07/08/2019,0.1,1.7
08/08/2019,0.1,1.7
09/08/2019,0.1,1.7
10/08/2019,0.1,1.7
11/08/2019,0.1,1.7
12/08/2019,0.1,1.7
13/08/2019,0.1,1.7
14/08/2019,0.1,1.7
15/08/2019,0.1,1.7
16/08/2019,0.1,1.7
17/08/2019,0.1,1.7
18/08/2019,0.1,1.7
19/08/2019,0.1,1.7
20/08/2019,0.1,1.7
21/08/2019,0.1,1.7
22/08/2019,0.1,1.7
23/08/2019,0.1,1.7
24/08/2019,0.1,1.7
25/08/2019,0.1,1.7
26/08/2019,0.1,1.7
27/08/2019,0.1,1.7
28/08/2019,0.1,1.7
29/08/2019,0.1,1.7
30/08/2019,0.1,1.7
31/08/2019,0.1,1.7
01/07/2019,0.2,1.8
02/07/2019,0.2,1.8
03/07/2019,0.2,1.8
04/07/2019,0.2,1.8
05/07/2019,0.2,1.8
06/07/2019,0.2,1.8
07/07/2019,0.2,1.8
08/07/2019,0.2,1.8
09/07/2019,0.2,1.8
10/07/2019,0.2,1.8
11/07/2019,0.2,1.8
12/07/2019,0.2,1.8
13/07/2019,0.2,1.8
14/07/2019,0.2,1.8
15/07/2019,0.2,1.8
16/07/2019,0.2,1.8
17/07/2019,0.2,1.8
18/07/2019,0.2,1.8
19/07/2019,0.2,1.8
20/07/2019,0.2,1.8
21/07/2019,0.2,1.8
22/07/2019,0.2,1.8
23/07/2019,0.2,1.8
24/07/2019,0.2,1.8
25/07/2019,0.2,1.8
26/07/2019,0.2,1.8
27/07/2019,0.2,1.8
28/07/2019,0.2,1.8
29/07/2019,0.2,1.8
30/07/2019,0.2,1.8
31/07/2019,0.2,1.8
01/06/2019,-0.1,1.6
02/06/2019,-0.1,1.6
03/06/2019,-0.1,1.6
04/06/2019,-0.1,1.6
05/06/2019,-0.1,1.6
06/06/2019,-0.1,1.6
07/06/2019,-0.1,1.6
08/06/2019,-0.1,1.6
09/06/2019,-0.1,1.6
10/06/2019,-0.1,1.6
11/06/2019,-0.1,1.6
12/06/2019,-0.1,1.6
13/06/2019,-0.1,1.6
14/06/2019,-0.1,1.6
15/06/2019,-0.1,1.6
16/06/2019,-0.1,1.6
17/06/2019,-0.1,1.6
18/06/2019,-0.1,1.6
19/06/2019,-0.1,1.6
20/06/2019,-0.1,1.6
21/06/2019,-0.1,1.6
22/06/2019,-0.1,1.6
23/06/2019,-0.1,1.6
24/06/2019,-0.1,1.6
25/06/2019,-0.1,1.6
26/06/2019,-0.1,1.6
27/06/2019,-0.1,1.6
28/06/2019,-0.1,1.6
29/06/2019,-0.1,1.6
30/06/2019,-0.1,1.6
01/05/2019,0,1.8
02/05/2019,0,1.8
03/05/2019,0,1.8
04/05/2019,0,1.8
05/05/2019,0,1.8
06/05/2019,0,1.8
07/05/2019,0,1.8
08/05/2019,0,1.8
09/05/2019,0,1.8
10/05/2019,0,1.8
11/05/2019,0,1.8
12/05/2019,0,1.8
13/05/2019,0,1.8
14/05/2019,0,1.8
15/05/2019,0,1.8
16/05/2019,0,1.8
17/05/2019,0,1.8
18/05/2019,0,1.8
19/05/2019,0,1.8
20/05/2019,0,1.8
21/05/2019,0,1.8
22/05/2019,0,1.8
23/05/2019,0,1.8
24/05/2019,0,1.8
25/05/2019,0,1.8
26/05/2019,0,1.8
27/05/2019,0,1.8
28/05/2019,0,1.8
29/05/2019,0,1.8
30/05/2019,0,1.8
31/05/2019,0,1.8
01/04/2019,0.4,2
02/04/2019,0.4,2
03/04/2019,0.4,2
04/04/2019,0.4,2
05/04/2019,0.4,2
06/04/2019,0.4,2
07/04/2019,0.4,2
08/04/2019,0.4,2
09/04/2019,0.4,2
10/04/2019,0.4,2
11/04/2019,0.4,2
12/04/2019,0.4,2
13/04/2019,0.4,2
14/04/2019,0.4,2
15/04/2019,0.4,2
16/04/2019,0.4,2
17/04/2019,0.4,2
18/04/2019,0.4,2
19/04/2019,0.4,2
20/04/2019,0.4,2
21/04/2019,0.4,2
22/04/2019,0.4,2
23/04/2019,0.4,2
24/04/2019,0.4,2
25/04/2019,0.4,2
26/04/2019,0.4,2
27/04/2019,0.4,2
28/04/2019,0.4,2
29/04/2019,0.4,2
30/04/2019,0.4,2
01/03/2019,0.3,1.9
02/03/2019,0.3,1.9
03/03/2019,0.3,1.9
04/03/2019,0.3,1.9
05/03/2019,0.3,1.9
06/03/2019,0.3,1.9
07/03/2019,0.3,1.9
08/03/2019,0.3,1.9
09/03/2019,0.3,1.9
10/03/2019,0.3,1.9
11/03/2019,0.3,1.9
12/03/2019,0.3,1.9
13/03/2019,0.3,1.9
14/03/2019,0.3,1.9
15/03/2019,0.3,1.9
16/03/2019,0.3,1.9
17/03/2019,0.3,1.9
18/03/2019,0.3,1.9
19/03/2019,0.3,1.9
20/03/2019,0.3,1.9
21/03/2019,0.3,1.9
22/03/2019,0.3,1.9
23/03/2019,0.3,1.9
24/03/2019,0.3,1.9
25/03/2019,0.3,1.9
26/03/2019,0.3,1.9
27/03/2019,0.3,1.9
28/03/2019,0.3,1.9
29/03/2019,0.3,1.9
30/03/2019,0.3,1.9
31/03/2019,0.3,1.9
01/02/2019,0.2,1.5
02/02/2019,0.2,1.5
03/02/2019,0.2,1.5
04/02/2019,0.2,1.5
05/02/2019,0.2,1.5
06/02/2019,0.2,1.5
07/02/2019,0.2,1.5
08/02/2019,0.2,1.5
09/02/2019,0.2,1.5
10/02/2019,0.2,1.5
11/02/2019,0.2,1.5
12/02/2019,0.2,1.5
13/02/2019,0.2,1.5
14/02/2019,0.2,1.5
15/02/2019,0.2,1.5
16/02/2019,0.2,1.5
17/02/2019,0.2,1.5
18/02/2019,0.2,1.5
19/02/2019,0.2,1.5
20/02/2019,0.2,1.5
21/02/2019,0.2,1.5
22/02/2019,0.2,1.5
23/02/2019,0.2,1.5
24/02/2019,0.2,1.5
25/02/2019,0.2,1.5
26/02/2019,0.2,1.5
27/02/2019,0.2,1.5
28/02/2019,0.2,1.5
01/01/2019,0,1.6
02/01/2019,0,1.6
03/01/2019,0,1.6
04/01/2019,0,1.6
05/01/2019,0,1.6
06/01/2019,0,1.6
07/01/2019,0,1.6
08/01/2019,0,1.6
09/01/2019,0,1.6
10/01/2019,0,1.6
11/01/2019,0,1.6
12/01/2019,0,1.6
13/01/2019,0,1.6
14/01/2019,0,1.6
15/01/2019,0,1.6
16/01/2019,0,1.6
17/01/2019,0,1.6
18/01/2019,0,1.6
19/01/2019,0,1.6
20/01/2019,0,1.6
21/01/2019,0,1.6
22/01/2019,0,1.6
23/01/2019,0,1.6
24/01/2019,0,1.6
25/01/2019,0,1.6
26/01/2019,0,1.6
27/01/2019,0,1.6
28/01/2019,0,1.6
29/01/2019,0,1.6
30/01/2019,0,1.6
31/01/2019,0,1.6
01/12/2018,0.1,1.9
02/12/2018,0.1,1.9
03/12/2018,0.1,1.9
04/12/2018,0.1,1.9
05/12/2018,0.1,1.9
06/12/2018,0.1,1.9
07/12/2018,0.1,1.9
08/12/2018,0.1,1.9
09/12/2018,0.1,1.9
10/12/2018,0.1,1.9
11/12/2018,0.1,1.9
12/12/2018,0.1,1.9
13/12/2018,0.1,1.9
14/12/2018,0.1,1.9
15/12/2018,0.1,1.9
16/12/2018,0.1,1.9
17/12/2018,0.1,1.9
18/12/2018,0.1,1.9
19/12/2018,0.1,1.9
20/12/2018,0.1,1.9
21/12/2018,0.1,1.9
22/12/2018,0.1,1.9
23/12/2018,0.1,1.9
24/12/2018,0.1,1.9
25/12/2018,0.1,1.9
26/12/2018,0.1,1.9
27/12/2018,0.1,1.9
28/12/2018,0.1,1.9
29/12/2018,0.1,1.9
30/12/2018,0.1,1.9
31/12/2018,0.1,1.9
01/11/2018,-0.1,2.2
02/11/2018,-0.1,2.2
03/11/2018,-0.1,2.2
04/11/2018,-0.1,2.2
05/11/2018,-0.1,2.2
06/11/2018,-0.1,2.2
07/11/2018,-0.1,2.2
08/11/2018,-0.1,2.2
09/11/2018,-0.1,2.2
10/11/2018,-0.1,2.2
11/11/2018,-0.1,2.2
12/11/2018,-0.1,2.2
13/11/2018,-0.1,2.2
14/11/2018,-0.1,2.2
15/11/2018,-0.1,2.2
16/11/2018,-0.1,2.2
17/11/2018,-0.1,2.2
18/11/2018,-0.1,2.2
19/11/2018,-0.1,2.2
20/11/2018,-0.1,2.2
21/11/2018,-0.1,2.2
22/11/2018,-0.1,2.2
23/11/2018,-0.1,2.2
24/11/2018,-0.1,2.2
25/11/2018,-0.1,2.2
26/11/2018,-0.1,2.2
27/11/2018,-0.1,2.2
28/11/2018,-0.1,2.2
29/11/2018,-0.1,2.2
30/11/2018,-0.1,2.2
01/10/2018,0.2,2.5
02/10/2018,0.2,2.5
03/10/2018,0.2,2.5
04/10/2018,0.2,2.5
05/10/2018,0.2,2.5
06/10/2018,0.2,2.5
07/10/2018,0.2,2.5
08/10/2018,0.2,2.5
09/10/2018,0.2,2.5
10/10/2018,0.2,2.5
11/10/2018,0.2,2.5
12/10/2018,0.2,2.5
13/10/2018,0.2,2.5
14/10/2018,0.2,2.5
15/10/2018,0.2,2.5
16/10/2018,0.2,2.5
17/10/2018,0.2,2.5
18/10/2018,0.2,2.5
19/10/2018,0.2,2.5
20/10/2018,0.2,2.5
21/10/2018,0.2,2.5
22/10/2018,0.2,2.5
23/10/2018,0.2,2.5
24/10/2018,0.2,2.5
25/10/2018,0.2,2.5
26/10/2018,0.2,2.5
27/10/2018,0.2,2.5
28/10/2018,0.2,2.5
29/10/2018,0.2,2.5
30/10/2018,0.2,2.5
31/10/2018,0.2,2.5
01/09/2018,0.2,2.3
02/09/2018,0.2,2.3
03/09/2018,0.2,2.3
04/09/2018,0.2,2.3
05/09/2018,0.2,2.3
06/09/2018,0.2,2.3
07/09/2018,0.2,2.3
08/09/2018,0.2,2.3
09/09/2018,0.2,2.3
10/09/2018,0.2,2.3
11/09/2018,0.2,2.3
12/09/2018,0.2,2.3
13/09/2018,0.2,2.3
14/09/2018,0.2,2.3
15/09/2018,0.2,2.3
16/09/2018,0.2,2.3
17/09/2018,0.2,2.3
18/09/2018,0.2,2.3
19/09/2018,0.2,2.3
20/09/2018,0.2,2.3
21/09/2018,0.2,2.3
22/09/2018,0.2,2.3
23/09/2018,0.2,2.3
24/09/2018,0.2,2.3
25/09/2018,0.2,2.3
26/09/2018,0.2,2.3
27/09/2018,0.2,2.3
28/09/2018,0.2,2.3
29/09/2018,0.2,2.3
30/09/2018,0.2,2.3
01/08/2018,0.2,2.7
02/08/2018,0.2,2.7
03/08/2018,0.2,2.7
04/08/2018,0.2,2.7
05/08/2018,0.2,2.7
06/08/2018,0.2,2.7
07/08/2018,0.2,2.7
08/08/2018,0.2,2.7
09/08/2018,0.2,2.7
10/08/2018,0.2,2.7
11/08/2018,0.2,2.7
12/08/2018,0.2,2.7
13/08/2018,0.2,2.7
14/08/2018,0.2,2.7
15/08/2018,0.2,2.7
16/08/2018,0.2,2.7
17/08/2018,0.2,2.7
18/08/2018,0.2,2.7
19/08/2018,0.2,2.7
20/08/2018,0.2,2.7
21/08/2018,0.2,2.7
22/08/2018,0.2,2.7
23/08/2018,0.2,2.7
24/08/2018,0.2,2.7
25/08/2018,0.2,2.7
26/08/2018,0.2,2.7
27/08/2018,0.2,2.7
28/08/2018,0.2,2.7
29/08/2018,0.2,2.7
30/08/2018,0.2,2.7
31/08/2018,0.2,2.7
01/07/2018,0.1,2.9
02/07/2018,0.1,2.9
03/07/2018,0.1,2.9
04/07/2018,0.1,2.9
05/07/2018,0.1,2.9
06/07/2018,0.1,2.9
07/07/2018,0.1,2.9
08/07/2018,0.1,2.9
09/07/2018,0.1,2.9
10/07/2018,0.1,2.9
11/07/2018,0.1,2.9
12/07/2018,0.1,2.9
13/07/2018,0.1,2.9
14/07/2018,0.1,2.9
15/07/2018,0.1,2.9
16/07/2018,0.1,2.9
17/07/2018,0.1,2.9
18/07/2018,0.1,2.9
19/07/2018,0.1,2.9
20/07/2018,0.1,2.9
21/07/2018,0.1,2.9
22/07/2018,0.1,2.9
23/07/2018,0.1,2.9
24/07/2018,0.1,2.9
25/07/2018,0.1,2.9
26/07/2018,0.1,2.9
27/07/2018,0.1,2.9
28/07/2018,0.1,2.9
29/07/2018,0.1,2.9
30/07/2018,0.1,2.9
31/07/2018,0.1,2.9
01/06/2018,0.1,2.9
02/06/2018,0.1,2.9
03/06/2018,0.1,2.9
04/06/2018,0.1,2.9
05/06/2018,0.1,2.9
06/06/2018,0.1,2.9
07/06/2018,0.1,2.9
08/06/2018,0.1,2.9
09/06/2018,0.1,2.9
10/06/2018,0.1,2.9
11/06/2018,0.1,2.9
12/06/2018,0.1,2.9
13/06/2018,0.1,2.9
14/06/2018,0.1,2.9
15/06/2018,0.1,2.9
16/06/2018,0.1,2.9
17/06/2018,0.1,2.9
18/06/2018,0.1,2.9
19/06/2018,0.1,2.9
20/06/2018,0.1,2.9
21/06/2018,0.1,2.9
22/06/2018,0.1,2.9
23/06/2018,0.1,2.9
24/06/2018,0.1,2.9
25/06/2018,0.1,2.9
26/06/2018,0.1,2.9
27/06/2018,0.1,2.9
28/06/2018,0.1,2.9
29/06/2018,0.1,2.9
30/06/2018,0.1,2.9
01/05/2018,0.2,2.8
02/05/2018,0.2,2.8
03/05/2018,0.2,2.8
04/05/2018,0.2,2.8
05/05/2018,0.2,2.8
06/05/2018,0.2,2.8
07/05/2018,0.2,2.8
08/05/2018,0.2,2.8
09/05/2018,0.2,2.8
10/05/2018,0.2,2.8
11/05/2018,0.2,2.8
12/05/2018,0.2,2.8
13/05/2018,0.2,2.8
14/05/2018,0.2,2.8
15/05/2018,0.2,2.8
16/05/2018,0.2,2.8
17/05/2018,0.2,2.8
18/05/2018,0.2,2.8
19/05/2018,0.2,2.8
20/05/2018,0.2,2.8
21/05/2018,0.2,2.8
22/05/2018,0.2,2.8
23/05/2018,0.2,2.8
24/05/2018,0.2,2.8
25/05/2018,0.2,2.8
26/05/2018,0.2,2.8
27/05/2018,0.2,2.8
28/05/2018,0.2,2.8
29/05/2018,0.2,2.8
30/05/2018,0.2,2.8
31/05/2018,0.2,2.8
01/04/2018,0.3,2.5
02/04/2018,0.3,2.5
03/04/2018,0.3,2.5
04/04/2018,0.3,2.5
05/04/2018,0.3,2.5
06/04/2018,0.3,2.5
07/04/2018,0.3,2.5
08/04/2018,0.3,2.5
09/04/2018,0.3,2.5
10/04/2018,0.3,2.5
11/04/2018,0.3,2.5
12/04/2018,0.3,2.5
13/04/2018,0.3,2.5
14/04/2018,0.3,2.5
15/04/2018,0.3,2.5
16/04/2018,0.3,2.5
17/04/2018,0.3,2.5
18/04/2018,0.3,2.5
19/04/2018,0.3,2.5
20/04/2018,0.3,2.5
21/04/2018,0.3,2.5
22/04/2018,0.3,2.5
23/04/2018,0.3,2.5
24/04/2018,0.3,2.5
25/04/2018,0.3,2.5
26/04/2018,0.3,2.5
27/04/2018,0.3,2.5
28/04/2018,0.3,2.5
29/04/2018,0.3,2.5
30/04/2018,0.3,2.5
01/03/2018,0,2.4
02/03/2018,0,2.4
03/03/2018,0,2.4
04/03/2018,0,2.4
05/03/2018,0,2.4
06/03/2018,0,2.4
07/03/2018,0,2.4
08/03/2018,0,2.4
09/03/2018,0,2.4
10/03/2018,0,2.4
11/03/2018,0,2.4
12/03/2018,0,2.4
13/03/2018,0,2.4
14/03/2018,0,2.4
15/03/2018,0,2.4
16/03/2018,0,2.4
17/03/2018,0,2.4
18/03/2018,0,2.4
19/03/2018,0,2.4
20/03/2018,0,2.4
21/03/2018,0,2.4
22/03/2018,0,2.4
23/03/2018,0,2.4
24/03/2018,0,2.4
25/03/2018,0,2.4
26/03/2018,0,2.4
27/03/2018,0,2.4
28/03/2018,0,2.4
29/03/2018,0,2.4
30/03/2018,0,2.4
31/03/2018,0,2.4
01/02/2018,0.3,2.2
02/02/2018,0.3,2.2
03/02/2018,0.3,2.2
04/02/2018,0.3,2.2
05/02/2018,0.3,2.2
06/02/2018,0.3,2.2
07/02/2018,0.3,2.2
08/02/2018,0.3,2.2
09/02/2018,0.3,2.2
10/02/2018,0.3,2.2
11/02/2018,0.3,2.2
12/02/2018,0.3,2.2
13/02/2018,0.3,2.2
14/02/2018,0.3,2.2
15/02/2018,0.3,2.2
16/02/2018,0.3,2.2
17/02/2018,0.3,2.2
18/02/2018,0.3,2.2
19/02/2018,0.3,2.2
20/02/2018,0.3,2.2
21/02/2018,0.3,2.2
22/02/2018,0.3,2.2
23/02/2018,0.3,2.2
24/02/2018,0.3,2.2
25/02/2018,0.3,2.2
26/02/2018,0.3,2.2
27/02/2018,0.3,2.2
28/02/2018,0.3,2.2
01/01/2018,0.4,2.1
02/01/2018,0.4,2.1
03/01/2018,0.4,2.1
04/01/2018,0.4,2.1
05/01/2018,0.4,2.1
06/01/2018,0.4,2.1
07/01/2018,0.4,2.1
08/01/2018,0.4,2.1
09/01/2018,0.4,2.1
10/01/2018,0.4,2.1
11/01/2018,0.4,2.1
12/01/2018,0.4,2.1
13/01/2018,0.4,2.1
14/01/2018,0.4,2.1
15/01/2018,0.4,2.1
16/01/2018,0.4,2.1
17/01/2018,0.4,2.1
18/01/2018,0.4,2.1
19/01/2018,0.4,2.1
20/01/2018,0.4,2.1
21/01/2018,0.4,2.1
22/01/2018,0.4,2.1
23/01/2018,0.4,2.1
24/01/2018,0.4,2.1
25/01/2018,0.4,2.1
26/01/2018,0.4,2.1
27/01/2018,0.4,2.1
28/01/2018,0.4,2.1
29/01/2018,0.4,2.1
30/01/2018,0.4,2.1
31/01/2018,0.4,2.1
01/12/2017,0.2,2.1
02/12/2017,0.2,2.1
03/12/2017,0.2,2.1
04/12/2017,0.2,2.1
05/12/2017,0.2,2.1
06/12/2017,0.2,2.1
07/12/2017,0.2,2.1
08/12/2017,0.2,2.1
09/12/2017,0.2,2.1
10/12/2017,0.2,2.1
11/12/2017,0.2,2.1
12/12/2017,0.2,2.1
13/12/2017,0.2,2.1
14/12/2017,0.2,2.1
15/12/2017,0.2,2.1
16/12/2017,0.2,2.1
17/12/2017,0.2,2.1
18/12/2017,0.2,2.1
19/12/2017,0.2,2.1
20/12/2017,0.2,2.1
21/12/2017,0.2,2.1
22/12/2017,0.2,2.1
23/12/2017,0.2,2.1
24/12/2017,0.2,2.1
25/12/2017,0.2,2.1
26/12/2017,0.2,2.1
27/12/2017,0.2,2.1
28/12/2017,0.2,2.1
29/12/2017,0.2,2.1
30/12/2017,0.2,2.1
31/12/2017,0.2,2.1
01/11/2017,0.3,2.2
02/11/2017,0.3,2.2
03/11/2017,0.3,2.2
04/11/2017,0.3,2.2
05/11/2017,0.3,2.2
06/11/2017,0.3,2.2
07/11/2017,0.3,2.2
08/11/2017,0.3,2.2
09/11/2017,0.3,2.2
10/11/2017,0.3,2.2
11/11/2017,0.3,2.2
12/11/2017,0.3,2.2
13/11/2017,0.3,2.2
14/11/2017,0.3,2.2
15/11/2017,0.3,2.2
16/11/2017,0.3,2.2
17/11/2017,0.3,2.2
18/11/2017,0.3,2.2
19/11/2017,0.3,2.2
20/11/2017,0.3,2.2
21/11/2017,0.3,2.2
22/11/2017,0.3,2.2
23/11/2017,0.3,2.2
24/11/2017,0.3,2.2
25/11/2017,0.3,2.2
26/11/2017,0.3,2.2
27/11/2017,0.3,2.2
28/11/2017,0.3,2.2
29/11/2017,0.3,2.2
30/11/2017,0.3,2.2
01/10/2017,0.1,2
02/10/2017,0.1,2
03/10/2017,0.1,2
04/10/2017,0.1,2
05/10/2017,0.1,2
06/10/2017,0.1,2
07/10/2017,0.1,2
08/10/2017,0.1,2
09/10/2017,0.1,2
10/10/2017,0.1,2
11/10/2017,0.1,2
12/10/2017,0.1,2
13/10/2017,0.1,2
14/10/2017,0.1,2
15/10/2017,0.1,2
16/10/2017,0.1,2
17/10/2017,0.1,2
18/10/2017,0.1,2
19/10/2017,0.1,2
20/10/2017,0.1,2
21/10/2017,0.1,2
22/10/2017,0.1,2
23/10/2017,0.1,2
24/10/2017,0.1,2
25/10/2017,0.1,2
26/10/2017,0.1,2
27/10/2017,0.1,2
28/10/2017,0.1,2
29/10/2017,0.1,2
30/10/2017,0.1,2
31/10/2017,0.1,2
01/09/2017,0.5,2.2
02/09/2017,0.5,2.2
03/09/2017,0.5,2.2
04/09/2017,0.5,2.2
05/09/2017,0.5,2.2
06/09/2017,0.5,2.2
07/09/2017,0.5,2.2
08/09/2017,0.5,2.2
09/09/2017,0.5,2.2
10/09/2017,0.5,2.2
11/09/2017,0.5,2.2
12/09/2017,0.5,2.2
13/09/2017,0.5,2.2
14/09/2017,0.5,2.2
15/09/2017,0.5,2.2
16/09/2017,0.5,2.2
17/09/2017,0.5,2.2
18/09/2017,0.5,2.2
19/09/2017,0.5,2.2
20/09/2017,0.5,2.2
21/09/2017,0.5,2.2
22/09/2017,0.5,2.2
23/09/2017,0.5,2.2
24/09/2017,0.5,2.2
25/09/2017,0.5,2.2
26/09/2017,0.5,2.2
27/09/2017,0.5,2.2
28/09/2017,0.5,2.2
29/09/2017,0.5,2.2
30/09/2017,0.5,2.2
01/08/2017,0.4,1.9
02/08/2017,0.4,1.9
03/08/2017,0.4,1.9
04/08/2017,0.4,1.9
05/08/2017,0.4,1.9
06/08/2017,0.4,1.9
07/08/2017,0.4,1.9
08/08/2017,0.4,1.9
09/08/2017,0.4,1.9
10/08/2017,0.4,1.9
11/08/2017,0.4,1.9
12/08/2017,0.4,1.9
13/08/2017,0.4,1.9
14/08/2017,0.4,1.9
15/08/2017,0.4,1.9
16/08/2017,0.4,1.9
17/08/2017,0.4,1.9
18/08/2017,0.4,1.9
19/08/2017,0.4,1.9
20/08/2017,0.4,1.9
21/08/2017,0.4,1.9
22/08/2017,0.4,1.9
23/08/2017,0.4,1.9
24/08/2017,0.4,1.9
25/08/2017,0.4,1.9
26/08/2017,0.4,1.9
27/08/2017,0.4,1.9
28/08/2017,0.4,1.9
29/08/2017,0.4,1.9
30/08/2017,0.4,1.9
31/08/2017,0.4,1.9
01/07/2017,0,1.7
02/07/2017,0,1.7
03/07/2017,0,1.7
04/07/2017,0,1.7
05/07/2017,0,1.7
06/07/2017,0,1.7
07/07/2017,0,1.7
08/07/2017,0,1.7
09/07/2017,0,1.7
10/07/2017,0,1.7
11/07/2017,0,1.7
12/07/2017,0,1.7
13/07/2017,0,1.7
14/07/2017,0,1.7
15/07/2017,0,1.7
16/07/2017,0,1.7
17/07/2017,0,1.7
18/07/2017,0,1.7
19/07/2017,0,1.7
20/07/2017,0,1.7
21/07/2017,0,1.7
22/07/2017,0,1.7
23/07/2017,0,1.7
24/07/2017,0,1.7
25/07/2017,0,1.7
26/07/2017,0,1.7
27/07/2017,0,1.7
28/07/2017,0,1.7
29/07/2017,0,1.7
30/07/2017,0,1.7
31/07/2017,0,1.7
01/06/2017,0.1,1.6
02/06/2017,0.1,1.6
03/06/2017,0.1,1.6
04/06/2017,0.1,1.6
05/06/2017,0.1,1.6
06/06/2017,0.1,1.6
07/06/2017,0.1,1.6
08/06/2017,0.1,1.6
09/06/2017,0.1,1.6
10/06/2017,0.1,1.6
11/06/2017,0.1,1.6
12/06/2017,0.1,1.6
13/06/2017,0.1,1.6
14/06/2017,0.1,1.6
15/06/2017,0.1,1.6
16/06/2017,0.1,1.6
17/06/2017,0.1,1.6
18/06/2017,0.1,1.6
19/06/2017,0.1,1.6
20/06/2017,0.1,1.6
21/06/2017,0.1,1.6
22/06/2017,0.1,1.6
23/06/2017,0.1,1.6
24/06/2017,0.1,1.6
25/06/2017,0.1,1.6
26/06/2017,0.1,1.6
27/06/2017,0.1,1.6
28/06/2017,0.1,1.6
29/06/2017,0.1,1.6
30/06/2017,0.1,1.6
01/05/2017,-0.1,1.9
02/05/2017,-0.1,1.9
03/05/2017,-0.1,1.9
04/05/2017,-0.1,1.9
05/05/2017,-0.1,1.9
06/05/2017,-0.1,1.9
07/05/2017,-0.1,1.9
08/05/2017,-0.1,1.9
09/05/2017,-0.1,1.9
10/05/2017,-0.1,1.9
11/05/2017,-0.1,1.9
12/05/2017,-0.1,1.9
13/05/2017,-0.1,1.9
14/05/2017,-0.1,1.9
15/05/2017,-0.1,1.9
16/05/2017,-0.1,1.9
17/05/2017,-0.1,1.9
18/05/2017,-0.1,1.9
19/05/2017,-0.1,1.9
20/05/2017,-0.1,1.9
21/05/2017,-0.1,1.9
22/05/2017,-0.1,1.9
23/05/2017,-0.1,1.9
24/05/2017,-0.1,1.9
25/05/2017,-0.1,1.9
26/05/2017,-0.1,1.9
27/05/2017,-0.1,1.9
28/05/2017,-0.1,1.9
29/05/2017,-0.1,1.9
30/05/2017,-0.1,1.9
31/05/2017,-0.1,1.9
01/04/2017,0.1,2.2
02/04/2017,0.1,2.2
03/04/2017,0.1,2.2
04/04/2017,0.1,2.2
05/04/2017,0.1,2.2
06/04/2017,0.1,2.2
07/04/2017,0.1,2.2
08/04/2017,0.1,2.2
09/04/2017,0.1,2.2
10/04/2017,0.1,2.2
11/04/2017,0.1,2.2
12/04/2017,0.1,2.2
13/04/2017,0.1,2.2
14/04/2017,0.1,2.2
15/04/2017,0.1,2.2
16/04/2017,0.1,2.2
17/04/2017,0.1,2.2
18/04/2017,0.1,2.2
19/04/2017,0.1,2.2
20/04/2017,0.1,2.2
21/04/2017,0.1,2.2
22/04/2017,0.1,2.2
23/04/2017,0.1,2.2
24/04/2017,0.1,2.2
25/04/2017,0.1,2.2
26/04/2017,0.1,2.2
27/04/2017,0.1,2.2
28/04/2017,0.1,2.2
29/04/2017,0.1,2.2
30/04/2017,0.1,2.2
01/03/2017,0,2.4
02/03/2017,0,2.4
03/03/2017,0,2.4
04/03/2017,0,2.4
05/03/2017,0,2.4
06/03/2017,0,2.4
07/03/2017,0,2.4
08/03/2017,0,2.4
09/03/2017,0,2.4
10/03/2017,0,2.4
11/03/2017,0,2.4
12/03/2017,0,2.4
13/03/2017,0,2.4
14/03/2017,0,2.4
15/03/2017,0,2.4
16/03/2017,0,2.4
17/03/2017,0,2.4
18/03/2017,0,2.4
19/03/2017,0,2.4
20/03/2017,0,2.4
21/03/2017,0,2.4
22/03/2017,0,2.4
23/03/2017,0,2.4
24/03/2017,0,2.4
25/03/2017,0,2.4
26/03/2017,0,2.4
27/03/2017,0,2.4
28/03/2017,0,2.4
29/03/2017,0,2.4
30/03/2017,0,2.4
31/03/2017,0,2.4
01/02/2017,0.2,2.7
02/02/2017,0.2,2.7
03/02/2017,0.2,2.7
04/02/2017,0.2,2.7
05/02/2017,0.2,2.7
06/02/2017,0.2,2.7
07/02/2017,0.2,2.7
08/02/2017,0.2,2.7
09/02/2017,0.2,2.7
10/02/2017,0.2,2.7
11/02/2017,0.2,2.7
12/02/2017,0.2,2.7
13/02/2017,0.2,2.7
14/02/2017,0.2,2.7
15/02/2017,0.2,2.7
16/02/2017,0.2,2.7
17/02/2017,0.2,2.7
18/02/2017,0.2,2.7
19/02/2017,0.2,2.7
20/02/2017,0.2,2.7
21/02/2017,0.2,2.7
22/02/2017,0.2,2.7
23/02/2017,0.2,2.7
24/02/2017,0.2,2.7
25/02/2017,0.2,2.7
26/02/2017,0.2,2.7
27/02/2017,0.2,2.7
28/02/2017,0.2,2.7
01/01/2017,0.4,2.5
02/01/2017,0.4,2.5
03/01/2017,0.4,2.5
04/01/2017,0.4,2.5
05/01/2017,0.4,2.5
06/01/2017,0.4,2.5
07/01/2017,0.4,2.5
08/01/2017,0.4,2.5
09/01/2017,0.4,2.5
10/01/2017,0.4,2.5
11/01/2017,0.4,2.5
12/01/2017,0.4,2.5
13/01/2017,0.4,2.5
14/01/2017,0.4,2.5
15/01/2017,0.4,2.5
16/01/2017,0.4,2.5
17/01/2017,0.4,2.5
18/01/2017,0.4,2.5
19/01/2017,0.4,2.5
20/01/2017,0.4,2.5
21/01/2017,0.4,2.5
22/01/2017,0.4,2.5
23/01/2017,0.4,2.5
24/01/2017,0.4,2.5
25/01/2017,0.4,2.5
26/01/2017,0.4,2.5
27/01/2017,0.4,2.5
28/01/2017,0.4,2.5
29/01/2017,0.4,2.5
30/01/2017,0.4,2.5
31/01/2017,0.4,2.5
01/12/2016,0.3,2.1
02/12/2016,0.3,2.1
03/12/2016,0.3,2.1
04/12/2016,0.3,2.1
05/12/2016,0.3,2.1
06/12/2016,0.3,2.1
07/12/2016,0.3,2.1
08/12/2016,0.3,2.1
09/12/2016,0.3,2.1
10/12/2016,0.3,2.1
11/12/2016,0.3,2.1
12/12/2016,0.3,2.1
13/12/2016,0.3,2.1
14/12/2016,0.3,2.1
15/12/2016,0.3,2.1
16/12/2016,0.3,2.1
17/12/2016,0.3,2.1
18/12/2016,0.3,2.1
19/12/2016,0.3,2.1
20/12/2016,0.3,2.1
21/12/2016,0.3,2.1
22/12/2016,0.3,2.1
23/12/2016,0.3,2.1
24/12/2016,0.3,2.1
25/12/2016,0.3,2.1
26/12/2016,0.3,2.1
27/12/2016,0.3,2.1
28/12/2016,0.3,2.1
29/12/2016,0.3,2.1
30/12/2016,0.3,2.1
31/12/2016,0.3,2.1
01/11/2016,0.1,1.7
02/11/2016,0.1,1.7
03/11/2016,0.1,1.7
04/11/2016,0.1,1.7
05/11/2016,0.1,1.7
06/11/2016,0.1,1.7
07/11/2016,0.1,1.7
08/11/2016,0.1,1.7
09/11/2016,0.1,1.7
10/11/2016,0.1,1.7
11/11/2016,0.1,1.7
12/11/2016,0.1,1.7
13/11/2016,0.1,1.7
14/11/2016,0.1,1.7
15/11/2016,0.1,1.7
16/11/2016,0.1,1.7
17/11/2016,0.1,1.7
18/11/2016,0.1,1.7
19/11/2016,0.1,1.7
20/11/2016,0.1,1.7
21/11/2016,0.1,1.7
22/11/2016,0.1,1.7
23/11/2016,0.1,1.7
24/11/2016,0.1,1.7
25/11/2016,0.1,1.7
26/11/2016,0.1,1.7
27/11/2016,0.1,1.7
28/11/2016,0.1,1.7
29/11/2016,0.1,1.7
30/11/2016,0.1,1.7
01/10/2016,0.2,1.6
02/10/2016,0.2,1.6
03/10/2016,0.2,1.6
04/10/2016,0.2,1.6
05/10/2016,0.2,1.6
06/10/2016,0.2,1.6
07/10/2016,0.2,1.6
08/10/2016,0.2,1.6
09/10/2016,0.2,1.6
10/10/2016,0.2,1.6
11/10/2016,0.2,1.6
12/10/2016,0.2,1.6
13/10/2016,0.2,1.6
14/10/2016,0.2,1.6
15/10/2016,0.2,1.6
16/10/2016,0.2,1.6
17/10/2016,0.2,1.6
18/10/2016,0.2,1.6
19/10/2016,0.2,1.6
20/10/2016,0.2,1.6
21/10/2016,0.2,1.6
22/10/2016,0.2,1.6
23/10/2016,0.2,1.6
24/10/2016,0.2,1.6
25/10/2016,0.2,1.6
26/10/2016,0.2,1.6
27/10/2016,0.2,1.6
28/10/2016,0.2,1.6
29/10/2016,0.2,1.6
30/10/2016,0.2,1.6
31/10/2016,0.2,1.6
01/09/2016,0.3,1.5
02/09/2016,0.3,1.5
03/09/2016,0.3,1.5
04/09/2016,0.3,1.5
05/09/2016,0.3,1.5
06/09/2016,0.3,1.5
07/09/2016,0.3,1.5
08/09/2016,0.3,1.5
09/09/2016,0.3,1.5
10/09/2016,0.3,1.5
11/09/2016,0.3,1.5
12/09/2016,0.3,1.5
13/09/2016,0.3,1.5
14/09/2016,0.3,1.5
15/09/2016,0.3,1.5
16/09/2016,0.3,1.5
17/09/2016,0.3,1.5
18/09/2016,0.3,1.5
19/09/2016,0.3,1.5
20/09/2016,0.3,1.5
21/09/2016,0.3,1.5
22/09/2016,0.3,1.5
23/09/2016,0.3,1.5
24/09/2016,0.3,1.5
25/09/2016,0.3,1.5
26/09/2016,0.3,1.5
27/09/2016,0.3,1.5
28/09/2016,0.3,1.5
29/09/2016,0.3,1.5
30/09/2016,0.3,1.5
01/08/2016,0.2,1.1
02/08/2016,0.2,1.1
03/08/2016,0.2,1.1
04/08/2016,0.2,1.1
05/08/2016,0.2,1.1
06/08/2016,0.2,1.1
07/08/2016,0.2,1.1
08/08/2016,0.2,1.1
09/08/2016,0.2,1.1
10/08/2016,0.2,1.1
11/08/2016,0.2,1.1
12/08/2016,0.2,1.1
13/08/2016,0.2,1.1
14/08/2016,0.2,1.1
15/08/2016,0.2,1.1
16/08/2016,0.2,1.1
17/08/2016,0.2,1.1
18/08/2016,0.2,1.1
19/08/2016,0.2,1.1
20/08/2016,0.2,1.1
21/08/2016,0.2,1.1
22/08/2016,0.2,1.1
23/08/2016,0.2,1.1
24/08/2016,0.2,1.1
25/08/2016,0.2,1.1
26/08/2016,0.2,1.1
27/08/2016,0.2,1.1
28/08/2016,0.2,1.1
29/08/2016,0.2,1.1
30/08/2016,0.2,1.1
31/08/2016,0.2,1.1
01/07/2016,-0.1,0.8
02/07/2016,-0.1,0.8
03/07/2016,-0.1,0.8
04/07/2016,-0.1,0.8
05/07/2016,-0.1,0.8
06/07/2016,-0.1,0.8
07/07/2016,-0.1,0.8
08/07/2016,-0.1,0.8
09/07/2016,-0.1,0.8
10/07/2016,-0.1,0.8
11/07/2016,-0.1,0.8
12/07/2016,-0.1,0.8
13/07/2016,-0.1,0.8
14/07/2016,-0.1,0.8
15/07/2016,-0.1,0.8
16/07/2016,-0.1,0.8
17/07/2016,-0.1,0.8
18/07/2016,-0.1,0.8
19/07/2016,-0.1,0.8
20/07/2016,-0.1,0.8
21/07/2016,-0.1,0.8
22/07/2016,-0.1,0.8
23/07/2016,-0.1,0.8
24/07/2016,-0.1,0.8
25/07/2016,-0.1,0.8
26/07/2016,-0.1,0.8
27/07/2016,-0.1,0.8
28/07/2016,-0.1,0.8
29/07/2016,-0.1,0.8
30/07/2016,-0.1,0.8
31/07/2016,-0.1,0.8
01/06/2016,0.3,1
02/06/2016,0.3,1
03/06/2016,0.3,1
04/06/2016,0.3,1
05/06/2016,0.3,1
06/06/2016,0.3,1
07/06/2016,0.3,1
08/06/2016,0.3,1
09/06/2016,0.3,1
10/06/2016,0.3,1
11/06/2016,0.3,1
12/06/2016,0.3,1
13/06/2016,0.3,1
14/06/2016,0.3,1
15/06/2016,0.3,1
16/06/2016,0.3,1
17/06/2016,0.3,1
18/06/2016,0.3,1
19/06/2016,0.3,1
20/06/2016,0.3,1
21/06/2016,0.3,1
22/06/2016,0.3,1
23/06/2016,0.3,1
24/06/2016,0.3,1
25/06/2016,0.3,1
26/06/2016,0.3,1
27/06/2016,0.3,1
28/06/2016,0.3,1
29/06/2016,0.3,1
30/06/2016,0.3,1
01/05/2016,0.2,1
02/05/2016,0.2,1
03/05/2016,0.2,1
04/05/2016,0.2,1
05/05/2016,0.2,1
06/05/2016,0.2,1
07/05/2016,0.2,1
08/05/2016,0.2,1
09/05/2016,0.2,1
10/05/2016,0.2,1
11/05/2016,0.2,1
12/05/2016,0.2,1
13/05/2016,0.2,1
14/05/2016,0.2,1
15/05/2016,0.2,1
16/05/2016,0.2,1
17/05/2016,0.2,1
18/05/2016,0.2,1
19/05/2016,0.2,1
20/05/2016,0.2,1
21/05/2016,0.2,1
22/05/2016,0.2,1
23/05/2016,0.2,1
24/05/2016,0.2,1
25/05/2016,0.2,1
26/05/2016,0.2,1
27/05/2016,0.2,1
28/05/2016,0.2,1
29/05/2016,0.2,1
30/05/2016,0.2,1
31/05/2016,0.2,1
01/04/2016,0.4,1.1
02/04/2016,0.4,1.1
03/04/2016,0.4,1.1
04/04/2016,0.4,1.1
05/04/2016,0.4,1.1
06/04/2016,0.4,1.1
07/04/2016,0.4,1.1
08/04/2016,0.4,1.1
09/04/2016,0.4,1.1
10/04/2016,0.4,1.1
11/04/2016,0.4,1.1
12/04/2016,0.4,1.1
13/04/2016,0.4,1.1
14/04/2016,0.4,1.1
15/04/2016,0.4,1.1
16/04/2016,0.4,1.1
17/04/2016,0.4,1.1
18/04/2016,0.4,1.1
19/04/2016,0.4,1.1
20/04/2016,0.4,1.1
21/04/2016,0.4,1.1
22/04/2016,0.4,1.1
23/04/2016,0.4,1.1
24/04/2016,0.4,1.1
25/04/2016,0.4,1.1
26/04/2016,0.4,1.1
27/04/2016,0.4,1.1
28/04/2016,0.4,1.1
29/04/2016,0.4,1.1
30/04/2016,0.4,1.1
01/03/2016,0.3,0.9
02/03/2016,0.3,0.9
03/03/2016,0.3,0.9
04/03/2016,0.3,0.9
05/03/2016,0.3,0.9
06/03/2016,0.3,0.9
07/03/2016,0.3,0.9
08/03/2016,0.3,0.9
09/03/2016,0.3,0.9
10/03/2016,0.3,0.9
11/03/2016,0.3,0.9
12/03/2016,0.3,0.9
13/03/2016,0.3,0.9
14/03/2016,0.3,0.9
15/03/2016,0.3,0.9
16/03/2016,0.3,0.9
17/03/2016,0.3,0.9
18/03/2016,0.3,0.9
19/03/2016,0.3,0.9
20/03/2016,0.3,0.9
21/03/2016,0.3,0.9
22/03/2016,0.3,0.9
23/03/2016,0.3,0.9
24/03/2016,0.3,0.9
25/03/2016,0.3,0.9
26/03/2016,0.3,0.9
27/03/2016,0.3,0.9
28/03/2016,0.3,0.9
29/03/2016,0.3,0.9
30/03/2016,0.3,0.9
31/03/2016,0.3,0.9
01/02/2016,-0.1,1
02/02/2016,-0.1,1
03/02/2016,-0.1,1
04/02/2016,-0.1,1
05/02/2016,-0.1,1
06/02/2016,-0.1,1
07/02/2016,-0.1,1
08/02/2016,-0.1,1
09/02/2016,-0.1,1
10/02/2016,-0.1,1
11/02/2016,-0.1,1
12/02/2016,-0.1,1
13/02/2016,-0.1,1
14/02/2016,-0.1,1
15/02/2016,-0.1,1
16/02/2016,-0.1,1
17/02/2016,-0.1,1
18/02/2016,-0.1,1
19/02/2016,-0.1,1
20/02/2016,-0.1,1
21/02/2016,-0.1,1
22/02/2016,-0.1,1
23/02/2016,-0.1,1
24/02/2016,-0.1,1
25/02/2016,-0.1,1
26/02/2016,-0.1,1
27/02/2016,-0.1,1
28/02/2016,-0.1,1
29/02/2016,-0.1,1
01/01/2016,0,1.4
02/01/2016,0,1.4
03/01/2016,0,1.4
04/01/2016,0,1.4
05/01/2016,0,1.4
06/01/2016,0,1.4
07/01/2016,0,1.4
08/01/2016,0,1.4
09/01/2016,0,1.4
10/01/2016,0,1.4
11/01/2016,0,1.4
12/01/2016,0,1.4
13/01/2016,0,1.4
14/01/2016,0,1.4
15/01/2016,0,1.4
16/01/2016,0,1.4
17/01/2016,0,1.4
18/01/2016,0,1.4
19/01/2016,0,1.4
20/01/2016,0,1.4
21/01/2016,0,1.4
22/01/2016,0,1.4
23/01/2016,0,1.4
24/01/2016,0,1.4
25/01/2016,0,1.4
26/01/2016,0,1.4
27/01/2016,0,1.4
28/01/2016,0,1.4
29/01/2016,0,1.4
30/01/2016,0,1.4
31/01/2016,0,1.4
01/12/2015,-0.1,0.7
02/12/2015,-0.1,0.7
03/12/2015,-0.1,0.7
04/12/2015,-0.1,0.7
05/12/2015,-0.1,0.7
06/12/2015,-0.1,0.7
07/12/2015,-0.1,0.7
08/12/2015,-0.1,0.7
09/12/2015,-0.1,0.7
10/12/2015,-0.1,0.7
11/12/2015,-0.1,0.7
12/12/2015,-0.1,0.7
13/12/2015,-0.1,0.7
14/12/2015,-0.1,0.7
15/12/2015,-0.1,0.7
16/12/2015,-0.1,0.7
17/12/2015,-0.1,0.7
18/12/2015,-0.1,0.7
19/12/2015,-0.1,0.7
20/12/2015,-0.1,0.7
21/12/2015,-0.1,0.7
22/12/2015,-0.1,0.7
23/12/2015,-0.1,0.7
24/12/2015,-0.1,0.7
25/12/2015,-0.1,0.7
26/12/2015,-0.1,0.7
27/12/2015,-0.1,0.7
28/12/2015,-0.1,0.7
29/12/2015,-0.1,0.7
30/12/2015,-0.1,0.7
31/12/2015,-0.1,0.7
01/11/2015,0.1,0.5
02/11/2015,0.1,0.5
03/11/2015,0.1,0.5
04/11/2015,0.1,0.5
05/11/2015,0.1,0.5
06/11/2015,0.1,0.5
07/11/2015,0.1,0.5
08/11/2015,0.1,0.5
09/11/2015,0.1,0.5
10/11/2015,0.1,0.5
11/11/2015,0.1,0.5
12/11/2015,0.1,0.5
13/11/2015,0.1,0.5
14/11/2015,0.1,0.5
15/11/2015,0.1,0.5
16/11/2015,0.1,0.5
17/11/2015,0.1,0.5
18/11/2015,0.1,0.5
19/11/2015,0.1,0.5
20/11/2015,0.1,0.5
21/11/2015,0.1,0.5
22/11/2015,0.1,0.5
23/11/2015,0.1,0.5
24/11/2015,0.1,0.5
25/11/2015,0.1,0.5
26/11/2015,0.1,0.5
27/11/2015,0.1,0.5
28/11/2015,0.1,0.5
29/11/2015,0.1,0.5
30/11/2015,0.1,0.5
01/10/2015,0.1,0.2
02/10/2015,0.1,0.2
03/10/2015,0.1,0.2
04/10/2015,0.1,0.2
05/10/2015,0.1,0.2
06/10/2015,0.1,0.2
07/10/2015,0.1,0.2
08/10/2015,0.1,0.2
09/10/2015,0.1,0.2
10/10/2015,0.1,0.2
11/10/2015,0.1,0.2
12/10/2015,0.1,0.2
13/10/2015,0.1,0.2
14/10/2015,0.1,0.2
15/10/2015,0.1,0.2
16/10/2015,0.1,0.2
17/10/2015,0.1,0.2
18/10/2015,0.1,0.2
19/10/2015,0.1,0.2
20/10/2015,0.1,0.2
21/10/2015,0.1,0.2
22/10/2015,0.1,0.2
23/10/2015,0.1,0.2
24/10/2015,0.1,0.2
25/10/2015,0.1,0.2
26/10/2015,0.1,0.2
27/10/2015,0.1,0.2
28/10/2015,0.1,0.2
29/10/2015,0.1,0.2
30/10/2015,0.1,0.2
31/10/2015,0.1,0.2
01/09/2015,-0.2,0
02/09/2015,-0.2,0
03/09/2015,-0.2,0
04/09/2015,-0.2,0
05/09/2015,-0.2,0
06/09/2015,-0.2,0
07/09/2015,-0.2,0
08/09/2015,-0.2,0
09/09/2015,-0.2,0
10/09/2015,-0.2,0
11/09/2015,-0.2,0
12/09/2015,-0.2,0
13/09/2015,-0.2,0
14/09/2015,-0.2,0
15/09/2015,-0.2,0
16/09/2015,-0.2,0
17/09/2015,-0.2,0
18/09/2015,-0.2,0
19/09/2015,-0.2,0
20/09/2015,-0.2,0
21/09/2015,-0.2,0
22/09/2015,-0.2,0
23/09/2015,-0.2,0
24/09/2015,-0.2,0
25/09/2015,-0.2,0
26/09/2015,-0.2,0
27/09/2015,-0.2,0
28/09/2015,-0.2,0
29/09/2015,-0.2,0
30/09/2015,-0.2,0
01/08/2015,0,0.2
02/08/2015,0,0.2
03/08/2015,0,0.2
04/08/2015,0,0.2
05/08/2015,0,0.2
06/08/2015,0,0.2
07/08/2015,0,0.2
08/08/2015,0,0.2
09/08/2015,0,0.2
10/08/2015,0,0.2
11/08/2015,0,0.2
12/08/2015,0,0.2
13/08/2015,0,0.2
14/08/2015,0,0.2
15/08/2015,0,0.2
16/08/2015,0,0.2
17/08/2015,0,0.2
18/08/2015,0,0.2
19/08/2015,0,0.2
20/08/2015,0,0.2
21/08/2015,0,0.2
22/08/2015,0,0.2
23/08/2015,0,0.2
24/08/2015,0,0.2
25/08/2015,0,0.2
26/08/2015,0,0.2
27/08/2015,0,0.2
28/08/2015,0,0.2
29/08/2015,0,0.2
30/08/2015,0,0.2
31/08/2015,0,0.2
01/07/2015,0.2,0.2
02/07/2015,0.2,0.2
03/07/2015,0.2,0.2
04/07/2015,0.2,0.2
05/07/2015,0.2,0.2
06/07/2015,0.2,0.2
07/07/2015,0.2,0.2
08/07/2015,0.2,0.2
09/07/2015,0.2,0.2
10/07/2015,0.2,0.2
11/07/2015,0.2,0.2
12/07/2015,0.2,0.2
13/07/2015,0.2,0.2
14/07/2015,0.2,0.2
15/07/2015,0.2,0.2
16/07/2015,0.2,0.2
17/07/2015,0.2,0.2
18/07/2015,0.2,0.2
19/07/2015,0.2,0.2
20/07/2015,0.2,0.2
21/07/2015,0.2,0.2
22/07/2015,0.2,0.2
23/07/2015,0.2,0.2
24/07/2015,0.2,0.2
25/07/2015,0.2,0.2
26/07/2015,0.2,0.2
27/07/2015,0.2,0.2
28/07/2015,0.2,0.2
29/07/2015,0.2,0.2
30/07/2015,0.2,0.2
31/07/2015,0.2,0.2
01/06/2015,0.3,0.1
02/06/2015,0.3,0.1
03/06/2015,0.3,0.1
04/06/2015,0.3,0.1
05/06/2015,0.3,0.1
06/06/2015,0.3,0.1
07/06/2015,0.3,0.1
08/06/2015,0.3,0.1
09/06/2015,0.3,0.1
10/06/2015,0.3,0.1
11/06/2015,0.3,0.1
12/06/2015,0.3,0.1
13/06/2015,0.3,0.1
14/06/2015,0.3,0.1
15/06/2015,0.3,0.1
16/06/2015,0.3,0.1
17/06/2015,0.3,0.1
18/06/2015,0.3,0.1
19/06/2015,0.3,0.1
20/06/2015,0.3,0.1
21/06/2015,0.3,0.1
22/06/2015,0.3,0.1
23/06/2015,0.3,0.1
24/06/2015,0.3,0.1
25/06/2015,0.3,0.1
26/06/2015,0.3,0.1
27/06/2015,0.3,0.1
28/06/2015,0.3,0.1
29/06/2015,0.3,0.1
30/06/2015,0.3,0.1
01/05/2015,0.3,0
02/05/2015,0.3,0
03/05/2015,0.3,0
04/05/2015,0.3,0
05/05/2015,0.3,0
06/05/2015,0.3,0
07/05/2015,0.3,0
08/05/2015,0.3,0
09/05/2015,0.3,0
10/05/2015,0.3,0
11/05/2015,0.3,0
12/05/2015,0.3,0
13/05/2015,0.3,0
14/05/2015,0.3,0
15/05/2015,0.3,0
16/05/2015,0.3,0
17/05/2015,0.3,0
18/05/2015,0.3,0
19/05/2015,0.3,0
20/05/2015,0.3,0
21/05/2015,0.3,0
22/05/2015,0.3,0
23/05/2015,0.3,0
24/05/2015,0.3,0
25/05/2015,0.3,0
26/05/2015,0.3,0
27/05/2015,0.3,0
28/05/2015,0.3,0
29/05/2015,0.3,0
30/05/2015,0.3,0
31/05/2015,0.3,0
01/04/2015,0.1,-0.2
02/04/2015,0.1,-0.2
03/04/2015,0.1,-0.2
04/04/2015,0.1,-0.2
05/04/2015,0.1,-0.2
06/04/2015,0.1,-0.2
07/04/2015,0.1,-0.2
08/04/2015,0.1,-0.2
09/04/2015,0.1,-0.2
10/04/2015,0.1,-0.2
11/04/2015,0.1,-0.2
12/04/2015,0.1,-0.2
13/04/2015,0.1,-0.2
14/04/2015,0.1,-0.2
15/04/2015,0.1,-0.2
16/04/2015,0.1,-0.2
17/04/2015,0.1,-0.2
18/04/2015,0.1,-0.2
19/04/2015,0.1,-0.2
20/04/2015,0.1,-0.2
21/04/2015,0.1,-0.2
22/04/2015,0.1,-0.2
23/04/2015,0.1,-0.2
24/04/2015,0.1,-0.2
25/04/2015,0.1,-0.2
26/04/2015,0.1,-0.2
27/04/2015,0.1,-0.2
28/04/2015,0.1,-0.2
29/04/2015,0.1,-0.2
30/04/2015,0.1,-0.2
01/03/2015,0.3,-0.1
02/03/2015,0.3,-0.1
03/03/2015,0.3,-0.1
04/03/2015,0.3,-0.1
05/03/2015,0.3,-0.1
06/03/2015,0.3,-0.1
07/03/2015,0.3,-0.1
08/03/2015,0.3,-0.1
09/03/2015,0.3,-0.1
10/03/2015,0.3,-0.1
11/03/2015,0.3,-0.1
12/03/2015,0.3,-0.1
13/03/2015,0.3,-0.1
14/03/2015,0.3,-0.1
15/03/2015,0.3,-0.1
16/03/2015,0.3,-0.1
17/03/2015,0.3,-0.1
18/03/2015,0.3,-0.1
19/03/2015,0.3,-0.1
20/03/2015,0.3,-0.1
21/03/2015,0.3,-0.1
22/03/2015,0.3,-0.1
23/03/2015,0.3,-0.1
24/03/2015,0.3,-0.1
25/03/2015,0.3,-0.1
26/03/2015,0.3,-0.1
27/03/2015,0.3,-0.1
28/03/2015,0.3,-0.1
29/03/2015,0.3,-0.1
30/03/2015,0.3,-0.1
31/03/2015,0.3,-0.1
01/02/2015,0.3,0
02/02/2015,0.3,0
03/02/2015,0.3,0
04/02/2015,0.3,0
05/02/2015,0.3,0
06/02/2015,0.3,0
07/02/2015,0.3,0
08/02/2015,0.3,0
09/02/2015,0.3,0
10/02/2015,0.3,0
11/02/2015,0.3,0
12/02/2015,0.3,0
13/02/2015,0.3,0
14/02/2015,0.3,0
15/02/2015,0.3,0
16/02/2015,0.3,0
17/02/2015,0.3,0
18/02/2015,0.3,0
19/02/2015,0.3,0
20/02/2015,0.3,0
21/02/2015,0.3,0
22/02/2015,0.3,0
23/02/2015,0.3,0
24/02/2015,0.3,0
25/02/2015,0.3,0
26/02/2015,0.3,0
27/02/2015,0.3,0
28/02/2015,0.3,0
01/01/2015,-0.6,-0.1
02/01/2015,-0.6,-0.1
03/01/2015,-0.6,-0.1
04/01/2015,-0.6,-0.1
05/01/2015,-0.6,-0.1
06/01/2015,-0.6,-0.1
07/01/2015,-0.6,-0.1
08/01/2015,-0.6,-0.1
09/01/2015,-0.6,-0.1
10/01/2015,-0.6,-0.1
11/01/2015,-0.6,-0.1
12/01/2015,-0.6,-0.1
13/01/2015,-0.6,-0.1
14/01/2015,-0.6,-0.1
15/01/2015,-0.6,-0.1
16/01/2015,-0.6,-0.1
17/01/2015,-0.6,-0.1
18/01/2015,-0.6,-0.1
19/01/2015,-0.6,-0.1
20/01/2015,-0.6,-0.1
21/01/2015,-0.6,-0.1
22/01/2015,-0.6,-0.1
23/01/2015,-0.6,-0.1
24/01/2015,-0.6,-0.1
25/01/2015,-0.6,-0.1
26/01/2015,-0.6,-0.1
27/01/2015,-0.6,-0.1
28/01/2015,-0.6,-0.1
29/01/2015,-0.6,-0.1
30/01/2015,-0.6,-0.1
31/01/2015,-0.6,-0.1
01/12/2014,-0.3,0.8
02/12/2014,-0.3,0.8
03/12/2014,-0.3,0.8
04/12/2014,-0.3,0.8
05/12/2014,-0.3,0.8
06/12/2014,-0.3,0.8
07/12/2014,-0.3,0.8
08/12/2014,-0.3,0.8
09/12/2014,-0.3,0.8
10/12/2014,-0.3,0.8
11/12/2014,-0.3,0.8
12/12/2014,-0.3,0.8
13/12/2014,-0.3,0.8
14/12/2014,-0.3,0.8
15/12/2014,-0.3,0.8
16/12/2014,-0.3,0.8
17/12/2014,-0.3,0.8
18/12/2014,-0.3,0.8
19/12/2014,-0.3,0.8
20/12/2014,-0.3,0.8
21/12/2014,-0.3,0.8
22/12/2014,-0.3,0.8
23/12/2014,-0.3,0.8
24/12/2014,-0.3,0.8
25/12/2014,-0.3,0.8
26/12/2014,-0.3,0.8
27/12/2014,-0.3,0.8
28/12/2014,-0.3,0.8
29/12/2014,-0.3,0.8
30/12/2014,-0.3,0.8
31/12/2014,-0.3,0.8
01/11/2014,-0.2,1.3
02/11/2014,-0.2,1.3
03/11/2014,-0.2,1.3
04/11/2014,-0.2,1.3
05/11/2014,-0.2,1.3
06/11/2014,-0.2,1.3
07/11/2014,-0.2,1.3
08/11/2014,-0.2,1.3
09/11/2014,-0.2,1.3
10/11/2014,-0.2,1.3
11/11/2014,-0.2,1.3
12/11/2014,-0.2,1.3
13/11/2014,-0.2,1.3
14/11/2014,-0.2,1.3
15/11/2014,-0.2,1.3
16/11/2014,-0.2,1.3
17/11/2014,-0.2,1.3
18/11/2014,-0.2,1.3
19/11/2014,-0.2,1.3
20/11/2014,-0.2,1.3
21/11/2014,-0.2,1.3
22/11/2014,-0.2,1.3
23/11/2014,-0.2,1.3
24/11/2014,-0.2,1.3
25/11/2014,-0.2,1.3
26/11/2014,-0.2,1.3
27/11/2014,-0.2,1.3
28/11/2014,-0.2,1.3
29/11/2014,-0.2,1.3
30/11/2014,-0.2,1.3
01/10/2014,0,1.7
02/10/2014,0,1.7
03/10/2014,0,1.7
04/10/2014,0,1.7
05/10/2014,0,1.7
06/10/2014,0,1.7
07/10/2014,0,1.7
08/10/2014,0,1.7
09/10/2014,0,1.7
10/10/2014,0,1.7
11/10/2014,0,1.7
12/10/2014,0,1.7
13/10/2014,0,1.7
14/10/2014,0,1.7
15/10/2014,0,1.7
16/10/2014,0,1.7
17/10/2014,0,1.7
18/10/2014,0,1.7
19/10/2014,0,1.7
20/10/2014,0,1.7
21/10/2014,0,1.7
22/10/2014,0,1.7
23/10/2014,0,1.7
24/10/2014,0,1.7
25/10/2014,0,1.7
26/10/2014,0,1.7
27/10/2014,0,1.7
28/10/2014,0,1.7
29/10/2014,0,1.7
30/10/2014,0,1.7
31/10/2014,0,1.7
01/09/2014,0,1.7
02/09/2014,0,1.7
03/09/2014,0,1.7
04/09/2014,0,1.7
05/09/2014,0,1.7
06/09/2014,0,1.7
07/09/2014,0,1.7
08/09/2014,0,1.7
09/09/2014,0,1.7
10/09/2014,0,1.7
11/09/2014,0,1.7
12/09/2014,0,1.7
13/09/2014,0,1.7
14/09/2014,0,1.7
15/09/2014,0,1.7
16/09/2014,0,1.7
17/09/2014,0,1.7
18/09/2014,0,1.7
19/09/2014,0,1.7
20/09/2014,0,1.7
21/09/2014,0,1.7
22/09/2014,0,1.7
23/09/2014,0,1.7
24/09/2014,0,1.7
25/09/2014,0,1.7
26/09/2014,0,1.7
27/09/2014,0,1.7
28/09/2014,0,1.7
29/09/2014,0,1.7
30/09/2014,0,1.7
01/08/2014,0,1.7
02/08/2014,0,1.7
03/08/2014,0,1.7
04/08/2014,0,1.7
05/08/2014,0,1.7
06/08/2014,0,1.7
07/08/2014,0,1.7
08/08/2014,0,1.7
09/08/2014,0,1.7
10/08/2014,0,1.7
11/08/2014,0,1.7
12/08/2014,0,1.7
13/08/2014,0,1.7
14/08/2014,0,1.7
15/08/2014,0,1.7
16/08/2014,0,1.7
17/08/2014,0,1.7
18/08/2014,0,1.7
19/08/2014,0,1.7
20/08/2014,0,1.7
21/08/2014,0,1.7
22/08/2014,0,1.7
23/08/2014,0,1.7
24/08/2014,0,1.7
25/08/2014,0,1.7
26/08/2014,0,1.7
27/08/2014,0,1.7
28/08/2014,0,1.7
29/08/2014,0,1.7
30/08/2014,0,1.7
31/08/2014,0,1.7
01/07/2014,0.1,2
02/07/2014,0.1,2
03/07/2014,0.1,2
04/07/2014,0.1,2
05/07/2014,0.1,2
06/07/2014,0.1,2
07/07/2014,0.1,2
08/07/2014,0.1,2
09/07/2014,0.1,2
10/07/2014,0.1,2
11/07/2014,0.1,2
12/07/2014,0.1,2
13/07/2014,0.1,2
14/07/2014,0.1,2
15/07/2014,0.1,2
16/07/2014,0.1,2
17/07/2014,0.1,2
18/07/2014,0.1,2
19/07/2014,0.1,2
20/07/2014,0.1,2
21/07/2014,0.1,2
22/07/2014,0.1,2
23/07/2014,0.1,2
24/07/2014,0.1,2
25/07/2014,0.1,2
26/07/2014,0.1,2
27/07/2014,0.1,2
28/07/2014,0.1,2
29/07/2014,0.1,2
30/07/2014,0.1,2
31/07/2014,0.1,2
01/06/2014,0.1,2.1
02/06/2014,0.1,2.1
03/06/2014,0.1,2.1
04/06/2014,0.1,2.1
05/06/2014,0.1,2.1
06/06/2014,0.1,2.1
07/06/2014,0.1,2.1
08/06/2014,0.1,2.1
09/06/2014,0.1,2.1
10/06/2014,0.1,2.1
11/06/2014,0.1,2.1
12/06/2014,0.1,2.1
13/06/2014,0.1,2.1
14/06/2014,0.1,2.1
15/06/2014,0.1,2.1
16/06/2014,0.1,2.1
17/06/2014,0.1,2.1
18/06/2014,0.1,2.1
19/06/2014,0.1,2.1
20/06/2014,0.1,2.1
21/06/2014,0.1,2.1
22/06/2014,0.1,2.1
23/06/2014,0.1,2.1
24/06/2014,0.1,2.1
25/06/2014,0.1,2.1
26/06/2014,0.1,2.1
27/06/2014,0.1,2.1
28/06/2014,0.1,2.1
29/06/2014,0.1,2.1
30/06/2014,0.1,2.1
01/05/2014,0.2,2.1
02/05/2014,0.2,2.1
03/05/2014,0.2,2.1
04/05/2014,0.2,2.1
05/05/2014,0.2,2.1
06/05/2014,0.2,2.1
07/05/2014,0.2,2.1
08/05/2014,0.2,2.1
09/05/2014,0.2,2.1
10/05/2014,0.2,2.1
11/05/2014,0.2,2.1
12/05/2014,0.2,2.1
13/05/2014,0.2,2.1
14/05/2014,0.2,2.1
15/05/2014,0.2,2.1
16/05/2014,0.2,2.1
17/05/2014,0.2,2.1
18/05/2014,0.2,2.1
19/05/2014,0.2,2.1
20/05/2014,0.2,2.1
21/05/2014,0.2,2.1
22/05/2014,0.2,2.1
23/05/2014,0.2,2.1
24/05/2014,0.2,2.1
25/05/2014,0.2,2.1
26/05/2014,0.2,2.1
27/05/2014,0.2,2.1
28/05/2014,0.2,2.1
29/05/2014,0.2,2.1
30/05/2014,0.2,2.1
31/05/2014,0.2,2.1
01/04/2014,0.2,2
02/04/2014,0.2,2
03/04/2014,0.2,2
04/04/2014,0.2,2
05/04/2014,0.2,2
06/04/2014,0.2,2
07/04/2014,0.2,2
08/04/2014,0.2,2
09/04/2014,0.2,2
10/04/2014,0.2,2
11/04/2014,0.2,2
12/04/2014,0.2,2
13/04/2014,0.2,2
14/04/2014,0.2,2
15/04/2014,0.2,2
16/04/2014,0.2,2
17/04/2014,0.2,2
18/04/2014,0.2,2
19/04/2014,0.2,2
20/04/2014,0.2,2
21/04/2014,0.2,2
22/04/2014,0.2,2
23/04/2014,0.2,2
24/04/2014,0.2,2
25/04/2014,0.2,2
26/04/2014,0.2,2
27/04/2014,0.2,2
28/04/2014,0.2,2
29/04/2014,0.2,2
30/04/2014,0.2,2
01/03/2014,0.2,1.5
02/03/2014,0.2,1.5
03/03/2014,0.2,1.5
04/03/2014,0.2,1.5
05/03/2014,0.2,1.5
06/03/2014,0.2,1.5
07/03/2014,0.2,1.5
08/03/2014,0.2,1.5
09/03/2014,0.2,1.5
10/03/2014,0.2,1.5
11/03/2014,0.2,1.5
12/03/2014,0.2,1.5
13/03/2014,0.2,1.5
14/03/2014,0.2,1.5
15/03/2014,0.2,1.5
16/03/2014,0.2,1.5
17/03/2014,0.2,1.5
18/03/2014,0.2,1.5
19/03/2014,0.2,1.5
20/03/2014,0.2,1.5
21/03/2014,0.2,1.5
22/03/2014,0.2,1.5
23/03/2014,0.2,1.5
24/03/2014,0.2,1.5
25/03/2014,0.2,1.5
26/03/2014,0.2,1.5
27/03/2014,0.2,1.5
28/03/2014,0.2,1.5
29/03/2014,0.2,1.5
30/03/2014,0.2,1.5
31/03/2014,0.2,1.5
01/02/2014,0.1,1.1
02/02/2014,0.1,1.1
03/02/2014,0.1,1.1
04/02/2014,0.1,1.1
05/02/2014,0.1,1.1
06/02/2014,0.1,1.1
07/02/2014,0.1,1.1
08/02/2014,0.1,1.1
09/02/2014,0.1,1.1
10/02/2014,0.1,1.1
11/02/2014,0.1,1.1
12/02/2014,0.1,1.1
13/02/2014,0.1,1.1
14/02/2014,0.1,1.1
15/02/2014,0.1,1.1
16/02/2014,0.1,1.1
17/02/2014,0.1,1.1
18/02/2014,0.1,1.1
19/02/2014,0.1,1.1
20/02/2014,0.1,1.1
21/02/2014,0.1,1.1
22/02/2014,0.1,1.1
23/02/2014,0.1,1.1
24/02/2014,0.1,1.1
25/02/2014,0.1,1.1
26/02/2014,0.1,1.1
27/02/2014,0.1,1.1
28/02/2014,0.1,1.1
01/01/2014,0.2,1.6
02/01/2014,0.2,1.6
03/01/2014,0.2,1.6
04/01/2014,0.2,1.6
05/01/2014,0.2,1.6
06/01/2014,0.2,1.6
07/01/2014,0.2,1.6
08/01/2014,0.2,1.6
09/01/2014,0.2,1.6
10/01/2014,0.2,1.6
11/01/2014,0.2,1.6
12/01/2014,0.2,1.6
13/01/2014,0.2,1.6
14/01/2014,0.2,1.6
15/01/2014,0.2,1.6
16/01/2014,0.2,1.6
17/01/2014,0.2,1.6
18/01/2014,0.2,1.6
19/01/2014,0.2,1.6
20/01/2014,0.2,1.6
21/01/2014,0.2,1.6
22/01/2014,0.2,1.6
23/01/2014,0.2,1.6
24/01/2014,0.2,1.6
25/01/2014,0.2,1.6
26/01/2014,0.2,1.6
27/01/2014,0.2,1.6
28/01/2014,0.2,1.6
29/01/2014,0.2,1.6
30/01/2014,0.2,1.6
31/01/2014,0.2,1.6
